device_id,sensor_type,temperature,humidity,battery_level,signal_strength,sensor_status,event_time
DEV0008,Temperature,29.7,65.6,13,-44,FAILED,2026-07-22T01:38:00
DEV0068,Pressure,-4.8,27.4,67,-43,SUCCESS,2026-07-20T07:01:00
DEV0080,Air Quality,-6.2,30.9,45,-39,RUNNING,2026-07-17T17:23:00
DEV0008,Temperature,-6.2,11.6,84,-38,SUCCESS,2026-07-19T18:02:00
DEV0058,Humidity,3.5,99.1,90,-75,RUNNING,2026-06-04T23:05:00
DEV0024,Level,45.9,84.6,69,-57,FAILED,2026-07-17T05:27:00
DEV0045,Temperature,26.1,17.9,70,-33,CANCELLED,2026-07-24T16:35:00
DEV0036,Level,7.0,68.9,14,-50,QUEUED,2026-06-15T21:39:00
DEV0034,Light,-4.8,11.7,13,-60,SUCCESS,2026-06-10T15:56:00
DEV0037,Level,57.3,63.2,49,-68,SUCCESS,2026-06-05T09:36:00
DEV0021,Humidity,45.1,24.2,12,-78,SUCCESS,2026-07-16T12:57:00
DEV0015,Level,50.4,86.9,51,-88,SUCCESS,2026-07-24T22:44:00
DEV0075,Air Quality,59.1,22.7,74,-69,SUCCESS,2026-07-05T10:02:00
DEV0063,Proximity,21.2,66.9,34,-48,SUCCESS,2026-07-05T23:39:00
DEV0002,Air Quality,37.0,77.1,74,-74,SUCCESS,2026-07-15T23:03:00
DEV0046,Motion,27.7,85.2,96,-54,FAILED,2026-06-01T03:35:00
DEV0078,Pressure,-6.2,72.8,93,-90,SUCCESS,2026-07-18T16:12:00
DEV0034,Light,31.5,55.0,42,-73,FAILED,2026-07-22T21:25:00
DEV0041,Light,12.1,1.7,39,-89,CANCELLED,2026-06-08T13:11:00
DEV0075,Air Quality,14.4,16.3,14,-45,SUCCESS,2026-07-27T03:11:00
DEV0036,Level,11.3,38.7,81,-65,CANCELLED,2026-07-19T10:11:00
DEV0028,Light,28.1,19.6,6,-87,SUCCESS,2026-06-17T07:38:00
DEV0006,Proximity,41.2,63.2,73,-82,SUCCESS,2026-06-28T07:19:00
DEV0017,Flow Rate,25.3,20.2,99,-51,SUCCESS,2026-07-17T09:04:00
DEV0052,Motion,59.8,51.2,66,-38,SUCCESS,2026-07-22T08:18:00
DEV0060,Pressure,45.6,57.8,70,-69,SUCCESS,2026-06-05T16:43:00
DEV0058,Humidity,50.5,96.9,33,-53,SUCCESS,2026-07-08T11:29:00
DEV0027,Temperature,11.6,14.4,18,-84,FAILED,2026-06-25T23:33:00
DEV0002,Air Quality,49.9,28.1,9,-33,FAILED,2026-06-20T15:32:00
DEV0078,Pressure,56.1,0.1,73,-32,SUCCESS,2026-07-17T14:36:00
DEV0078,Pressure,27.1,3.4,91,-38,SUCCESS,2026-07-10T04:42:00
DEV0041,Light,18.0,76.8,69,-82,SUCCESS,2026-06-24T07:08:00
DEV0015,Level,8.6,80.9,73,-100,SUCCESS,2026-07-21T06:04:00
DEV0047,Flow Rate,38.6,25.7,37,-54,SUCCESS,2026-06-30T12:16:00
DEV0071,Motion,37.6,18.2,91,-53,SUCCESS,2026-07-19T14:58:00
DEV0038,Humidity,-1.9,10.3,62,-65,CANCELLED,2026-06-07T16:06:00
DEV0030,Light,-5.9,24.7,15,-75,SUCCESS,2026-07-22T20:53:00
DEV0071,Motion,35.7,94.1,94,-99,SUCCESS,2026-07-17T09:32:00
DEV0077,Vibration,0.7,17.0,34,-97,SUCCESS,2026-07-01T08:20:00
DEV0003,Air Quality,26.6,71.6,82,-98,SUCCESS,2026-06-29T09:04:00
DEV0074,Motion,-1.1,94.4,89,-72,RUNNING,2026-06-18T23:33:00
DEV0040,Level,0.7,34.3,63,-44,SUCCESS,2026-06-15T03:38:00
DEV0014,Air Quality,52.8,53.4,81,-95,SUCCESS,2026-06-16T22:36:00
DEV0022,Temperature,25.6,97.1,21,-88,SUCCESS,2026-07-15T06:29:00
DEV0002,Air Quality,22.9,61.5,70,-96,RUNNING,2026-06-23T01:41:00
DEV0042,Flow Rate,24.3,73.2,88,-51,SUCCESS,2026-07-26T19:34:00
DEV0004,Air Quality,-6.8,40.0,48,-30,RUNNING,2026-06-22T16:34:00
DEV0001,Temperature,8.8,78.3,13,-45,SUCCESS,2026-07-01T16:26:00
DEV0075,Air Quality,36.2,36.3,24,-82,CANCELLED,2026-06-23T12:52:00
DEV0006,Proximity,8.5,41.4,77,-88,SUCCESS,2026-07-13T00:24:00
DEV0072,Pressure,8.0,69.1,82,-64,SUCCESS,2026-06-21T09:56:00
DEV0069,Vibration,-1.2,70.2,97,-43,SUCCESS,2026-07-27T14:04:00
DEV0075,Air Quality,37.3,81.1,39,-35,SUCCESS,2026-07-07T14:45:00
DEV0019,Humidity,-0.7,87.5,71,-59,SUCCESS,2026-06-02T17:12:00
DEV0063,Proximity,0.6,58.9,31,-93,SUCCESS,2026-07-25T03:46:00
DEV0045,Temperature,36.2,25.7,21,-72,SUCCESS,2026-07-05T03:23:00
DEV0013,Motion,18.0,28.9,61,-90,SUCCESS,2026-07-10T08:02:00
DEV0030,Light,23.7,13.5,59,-59,RUNNING,2026-07-26T03:14:00
DEV0043,Motion,43.7,96.5,57,-100,FAILED,2026-06-17T01:24:00
DEV0001,Temperature,21.3,85.5,30,-38,SUCCESS,2026-06-07T16:30:00
DEV0061,Proximity,28.6,6.2,34,-92,SUCCESS,2026-07-10T04:37:00
DEV0017,Flow Rate,11.0,3.2,50,-64,SUCCESS,2026-06-13T17:11:00
DEV0067,Light,35.7,74.4,54,-40,FAILED,2026-06-01T19:38:00
DEV0076,Pressure,32.2,72.7,60,-34,FAILED,2026-07-02T08:42:00
DEV0074,Motion,27.9,19.8,20,-96,FAILED,2026-07-02T07:14:00
DEV0007,Air Quality,26.5,14.2,62,-98,CANCELLED,2026-07-12T04:07:00
DEV0051,Air Quality,53.5,64.9,18,-45,SUCCESS,2026-07-22T15:07:00
DEV0053,Level,13.5,42.0,15,-91,RUNNING,2026-07-02T12:09:00
DEV0064,Level,27.6,39.1,70,-33,SUCCESS,2026-06-14T22:23:00
DEV0055,Humidity,9.6,81.4,11,-55,SUCCESS,2026-07-02T05:14:00
DEV0035,Humidity,40.0,17.8,27,-88,CANCELLED,2026-06-04T18:58:00
DEV0043,Motion,31.8,25.7,54,-79,SUCCESS,2026-06-03T22:30:00
DEV0063,Proximity,38.9,2.5,5,-69,SUCCESS,2026-06-07T03:37:00
DEV0060,Pressure,54.5,21.1,17,-32,QUEUED,2026-07-13T03:15:00
DEV0031,Air Quality,39.9,85.9,84,-93,SUCCESS,2026-07-22T02:09:00
DEV0031,Air Quality,57.9,83.8,48,-98,SUCCESS,2026-06-19T06:42:00
DEV0060,Pressure,39.9,65.2,79,-85,SUCCESS,2026-06-05T20:13:00
DEV0061,Proximity,7.3,46.8,44,-68,SUCCESS,2026-06-05T05:10:00
DEV0080,Air Quality,-6.1,55.7,81,-49,SUCCESS,2026-06-08T09:01:00
DEV0049,Flow Rate,54.8,86.9,87,-67,SUCCESS,2026-07-25T15:10:00
DEV0016,Humidity,52.0,45.9,31,-48,SUCCESS,2026-06-09T22:32:00
DEV0038,Humidity,31.5,71.4,16,-48,RUNNING,2026-07-08T14:25:00
DEV0045,Temperature,-1.1,80.0,55,-31,SUCCESS,2026-07-06T00:39:00
DEV0068,Pressure,45.5,30.4,17,-88,SUCCESS,2026-06-26T23:30:00
DEV0070,Vibration,40.1,48.8,37,-43,SUCCESS,2026-06-28T01:51:00
DEV0049,Flow Rate,28.0,6.0,60,-76,SUCCESS,2026-07-12T18:15:00
DEV0064,Level,15.3,23.8,76,-43,SUCCESS,2026-07-17T01:42:00
DEV0042,Flow Rate,-5.8,4.7,8,-55,SUCCESS,2026-06-28T05:44:00
DEV0064,Level,-5.7,49.3,14,-90,FAILED,2026-07-08T18:09:00
DEV0041,Light,19.5,38.9,70,-45,SUCCESS,2026-06-08T02:37:00
DEV0047,Flow Rate,59.3,66.0,23,-49,QUEUED,2026-07-24T13:32:00
DEV0070,Vibration,17.3,25.4,97,-58,QUEUED,2026-07-05T11:03:00
DEV0064,Level,34.1,86.0,70,-61,RUNNING,2026-07-10T00:31:00
DEV0006,Proximity,-8.4,0.8,71,-56,SUCCESS,2026-07-13T13:47:00
DEV0028,Light,-8.3,20.3,88,-39,SUCCESS,2026-06-15T21:02:00
DEV0020,Proximity,-9.5,32.5,7,-46,FAILED,2026-07-13T09:58:00
DEV0034,Light,42.3,82.2,61,-59,SUCCESS,2026-07-26T04:06:00
DEV0053,Level,1.0,41.2,66,-92,SUCCESS,2026-07-02T10:32:00
DEV0064,Level,18.4,12.7,97,-84,CANCELLED,2026-06-18T20:38:00
DEV0027,Temperature,48.1,83.8,52,-30,SUCCESS,2026-07-23T22:09:00
DEV0030,Light,15.2,66.5,33,-75,SUCCESS,2026-07-15T07:13:00
DEV0042,Flow Rate,11.5,89.4,86,-33,SUCCESS,2026-07-24T21:43:00
DEV0011,Humidity,-0.9,32.8,6,-79,SUCCESS,2026-07-11T12:23:00
DEV0008,Temperature,13.8,95.2,40,-98,SUCCESS,2026-07-20T20:48:00
DEV0017,Flow Rate,36.4,63.4,54,-63,FAILED,2026-07-15T04:10:00
DEV0075,Air Quality,37.6,98.9,60,-78,RUNNING,2026-06-22T04:24:00
DEV0062,Vibration,1.1,59.8,98,-98,SUCCESS,2026-07-15T23:27:00
DEV0049,Flow Rate,54.7,19.6,48,-67,SUCCESS,2026-06-16T06:18:00
DEV0061,Proximity,-1.6,31.9,73,-33,SUCCESS,2026-07-24T12:12:00
DEV0068,Pressure,0.6,60.7,69,-62,SUCCESS,2026-07-01T04:46:00
DEV0028,Light,-8.3,63.8,53,-77,SUCCESS,2026-06-30T17:45:00
DEV0070,Vibration,18.1,49.1,80,-86,SUCCESS,2026-07-08T07:05:00
DEV0068,Pressure,26.3,81.7,55,-67,FAILED,2026-06-18T21:18:00
DEV0070,Vibration,18.2,93.7,5,-52,FAILED,2026-06-10T03:41:00
DEV0069,Vibration,11.5,51.8,26,-48,SUCCESS,2026-07-11T23:45:00
DEV0032,Level,44.7,23.3,15,-57,SUCCESS,2026-07-02T21:20:00
DEV0005,Proximity,6.8,8.6,58,-86,SUCCESS,2026-07-11T11:27:00
DEV0040,Level,21.7,16.8,10,-63,SUCCESS,2026-06-26T00:28:00
DEV0016,Humidity,57.0,39.0,37,-62,SUCCESS,2026-06-26T10:15:00
DEV0018,Level,42.7,26.2,70,-39,RUNNING,2026-06-01T02:16:00
DEV0074,Motion,50.6,12.3,81,-42,RUNNING,2026-07-09T21:36:00
DEV0065,Flow Rate,34.0,31.9,24,-76,SUCCESS,2026-06-24T20:57:00
DEV0077,Vibration,55.1,24.2,36,-91,SUCCESS,2026-06-05T16:24:00
DEV0052,Motion,6.0,14.7,66,-71,SUCCESS,2026-06-23T19:03:00
DEV0057,Humidity,-2.4,28.8,12,-68,SUCCESS,2026-06-03T19:08:00
DEV0071,Motion,18.9,2.4,57,-86,SUCCESS,2026-07-25T21:54:00
DEV0010,Pressure,22.4,64.6,37,-60,SUCCESS,2026-06-13T03:33:00
DEV0024,Level,18.9,33.0,71,-63,SUCCESS,2026-06-04T02:34:00
DEV0058,Humidity,35.0,14.7,85,-50,SUCCESS,2026-07-12T23:01:00
DEV0033,Level,53.7,26.1,82,-77,QUEUED,2026-07-23T22:14:00
DEV0010,Pressure,44.1,57.0,92,-54,RUNNING,2026-06-16T13:09:00
DEV0076,Pressure,12.5,59.1,15,-49,SUCCESS,2026-07-22T18:33:00
DEV0058,Humidity,-3.0,74.9,50,-63,RUNNING,2026-06-13T03:43:00
DEV0019,Humidity,54.4,42.7,47,-45,SUCCESS,2026-07-05T04:31:00
DEV0040,Level,59.6,30.3,64,-89,RUNNING,2026-07-09T17:12:00
DEV0023,Flow Rate,7.0,29.1,43,-87,SUCCESS,2026-06-11T16:07:00
DEV0038,Humidity,-2.5,96.8,56,-49,CANCELLED,2026-06-10T07:56:00
DEV0060,Pressure,50.5,40.1,6,-85,SUCCESS,2026-07-16T02:29:00
DEV0007,Air Quality,58.5,58.1,43,-88,SUCCESS,2026-06-29T09:30:00
DEV0070,Vibration,9.2,4.7,99,-86,RUNNING,2026-06-10T04:57:00
DEV0060,Pressure,21.2,17.5,57,-51,SUCCESS,2026-07-18T00:01:00
DEV0026,Humidity,55.4,49.3,77,-89,SUCCESS,2026-06-19T06:37:00
DEV0025,Motion,4.8,28.9,70,-57,SUCCESS,2026-06-18T21:36:00
DEV0067,Light,-3.8,97.9,14,-67,SUCCESS,2026-07-08T23:39:00
DEV0035,Humidity,-5.5,58.5,11,-100,SUCCESS,2026-06-13T10:29:00
DEV0034,Light,24.2,48.4,73,-30,SUCCESS,2026-06-25T05:42:00
DEV0030,Light,47.6,64.5,11,-100,SUCCESS,2026-07-12T14:51:00
DEV0071,Motion,1.6,31.4,60,-60,FAILED,2026-06-27T06:32:00
DEV0072,Pressure,-3.6,58.4,40,-52,SUCCESS,2026-07-01T00:14:00
DEV0042,Flow Rate,53.8,37.2,91,-99,SUCCESS,2026-06-18T06:42:00
DEV0049,Flow Rate,36.3,93.6,55,-93,SUCCESS,2026-07-21T23:18:00
DEV0080,Air Quality,59.9,8.9,99,-44,SUCCESS,2026-06-03T02:56:00
DEV0052,Motion,7.5,17.8,52,-59,SUCCESS,2026-06-04T20:15:00
DEV0034,Light,-7.0,60.0,70,-40,SUCCESS,2026-06-21T13:31:00
DEV0036,Level,46.9,18.2,39,-78,RUNNING,2026-07-12T00:25:00
DEV0053,Level,25.1,61.9,46,-73,QUEUED,2026-07-18T02:48:00
DEV0045,Temperature,2.9,9.4,27,-78,FAILED,2026-07-03T15:46:00
DEV0008,Temperature,-4.2,51.2,89,-67,RUNNING,2026-07-18T07:38:00
DEV0024,Level,27.9,32.9,37,-73,SUCCESS,2026-07-10T18:25:00
DEV0067,Light,11.8,87.9,60,-65,FAILED,2026-06-05T14:53:00
DEV0022,Temperature,33.4,76.4,86,-49,SUCCESS,2026-07-06T23:29:00
DEV0055,Humidity,0.7,87.7,7,-79,SUCCESS,2026-07-02T12:28:00
DEV0065,Flow Rate,43.3,42.6,41,-44,SUCCESS,2026-07-12T16:15:00
DEV0017,Flow Rate,0.9,23.7,73,-65,FAILED,2026-06-21T03:58:00
DEV0072,Pressure,-3.7,37.5,88,-77,RUNNING,2026-06-19T18:49:00
DEV0043,Motion,9.4,89.5,72,-60,SUCCESS,2026-06-23T17:46:00
DEV0058,Humidity,30.2,37.0,10,-51,SUCCESS,2026-06-19T09:08:00
DEV0010,Pressure,59.8,93.2,100,-36,RUNNING,2026-07-27T07:25:00
DEV0069,Vibration,36.6,76.9,28,-70,SUCCESS,2026-06-06T09:02:00
DEV0021,Humidity,10.1,21.9,98,-78,SUCCESS,2026-07-17T03:01:00
DEV0053,Level,13.7,7.2,9,-46,SUCCESS,2026-06-28T05:18:00
DEV0062,Vibration,58.3,59.0,79,-78,SUCCESS,2026-06-29T21:32:00
DEV0020,Proximity,44.8,76.5,24,-75,SUCCESS,2026-06-01T02:26:00
DEV0035,Humidity,19.2,76.7,24,-56,SUCCESS,2026-06-29T22:13:00
DEV0025,Motion,24.0,79.3,14,-71,SUCCESS,2026-07-19T21:34:00
DEV0015,Level,0.6,85.2,83,-85,SUCCESS,2026-07-23T06:24:00
DEV0053,Level,7.5,73.6,53,-57,SUCCESS,2026-06-25T04:16:00
DEV0071,Motion,36.4,22.3,27,-86,SUCCESS,2026-06-22T09:11:00
DEV0014,Air Quality,-8.6,91.0,94,-71,SUCCESS,2026-07-20T09:56:00
DEV0076,Pressure,0.4,90.1,66,-100,SUCCESS,2026-07-15T13:37:00
DEV0071,Motion,37.2,20.0,40,-60,SUCCESS,2026-07-25T04:27:00
DEV0054,Proximity,-4.3,62.7,40,-35,QUEUED,2026-07-12T14:02:00
DEV0070,Vibration,-1.9,73.0,47,-48,SUCCESS,2026-07-26T13:22:00
DEV0015,Level,3.0,49.5,26,-79,QUEUED,2026-07-13T00:40:00
DEV0028,Light,14.7,68.0,80,-48,SUCCESS,2026-06-08T06:55:00
DEV0072,Pressure,-1.7,91.8,85,-68,SUCCESS,2026-06-26T23:18:00
DEV0040,Level,26.5,71.1,81,-44,QUEUED,2026-06-24T18:53:00
DEV0041,Light,5.3,39.2,22,-99,SUCCESS,2026-07-10T01:31:00
DEV0065,Flow Rate,42.2,81.4,97,-77,SUCCESS,2026-06-27T08:37:00
DEV0048,Motion,29.3,95.1,71,-89,SUCCESS,2026-07-18T17:24:00
DEV0069,Vibration,9.9,80.3,62,-86,FAILED,2026-06-05T17:13:00
DEV0066,Light,24.2,41.2,5,-73,SUCCESS,2026-06-17T20:30:00
DEV0043,Motion,21.8,28.5,28,-90,SUCCESS,2026-07-16T18:59:00
DEV0022,Temperature,36.5,96.9,20,-40,QUEUED,2026-07-14T12:00:00
DEV0046,Motion,4.7,74.2,67,-88,SUCCESS,2026-07-14T15:28:00
DEV0043,Motion,-5.3,15.7,10,-67,SUCCESS,2026-06-28T11:22:00
DEV0038,Humidity,-0.7,43.1,83,-37,SUCCESS,2026-06-02T19:34:00
DEV0022,Temperature,49.8,93.7,98,-100,SUCCESS,2026-07-01T10:55:00
DEV0076,Pressure,41.5,85.8,42,-55,SUCCESS,2026-06-02T05:37:00
DEV0068,Pressure,-7.1,3.1,17,-43,SUCCESS,2026-06-27T11:52:00
DEV0072,Pressure,-1.8,56.4,42,-88,FAILED,2026-06-20T17:45:00
DEV0019,Humidity,34.9,62.4,74,-52,SUCCESS,2026-06-22T08:49:00
DEV0072,Pressure,27.2,60.8,83,-80,SUCCESS,2026-06-13T14:34:00
DEV0074,Motion,-5.0,41.8,54,-80,SUCCESS,2026-07-13T21:04:00
DEV0072,Pressure,9.8,24.4,34,-47,QUEUED,2026-06-27T13:09:00
DEV0070,Vibration,49.1,27.4,89,-48,SUCCESS,2026-06-23T08:04:00
DEV0061,Proximity,9.7,31.1,64,-53,SUCCESS,2026-07-23T21:36:00
DEV0052,Motion,27.2,17.3,67,-82,FAILED,2026-06-11T08:00:00
DEV0041,Light,14.4,46.0,65,-70,SUCCESS,2026-06-29T18:09:00
DEV0017,Flow Rate,-7.8,50.0,77,-67,SUCCESS,2026-07-15T21:36:00
DEV0026,Humidity,8.3,24.4,11,-69,SUCCESS,2026-07-02T15:36:00
DEV0045,Temperature,59.7,0.4,63,-36,CANCELLED,2026-06-23T18:46:00
DEV0009,Vibration,46.3,46.8,98,-49,SUCCESS,2026-06-26T23:06:00
DEV0023,Flow Rate,7.8,10.6,8,-41,RUNNING,2026-07-04T00:15:00
DEV0053,Level,29.4,73.0,17,-86,CANCELLED,2026-07-17T07:28:00
DEV0045,Temperature,36.3,74.8,97,-60,CANCELLED,2026-07-26T23:49:00
DEV0040,Level,-2.1,91.2,63,-38,SUCCESS,2026-07-13T03:02:00
DEV0014,Air Quality,-0.2,46.6,14,-56,SUCCESS,2026-07-07T21:56:00
DEV0012,Proximity,50.3,14.9,57,-37,QUEUED,2026-06-07T21:07:00
DEV0053,Level,9.5,37.4,8,-82,RUNNING,2026-06-30T21:21:00
DEV0021,Humidity,16.9,26.9,70,-31,SUCCESS,2026-06-03T01:31:00
DEV0002,Air Quality,0.3,72.2,52,-69,SUCCESS,2026-06-17T04:13:00
DEV0023,Flow Rate,42.8,58.1,25,-40,SUCCESS,2026-06-24T11:24:00
DEV0046,Motion,59.4,10.7,28,-37,SUCCESS,2026-07-11T09:57:00
DEV0079,Air Quality,51.0,89.5,13,-90,SUCCESS,2026-07-06T06:04:00
DEV0052,Motion,48.9,56.0,96,-37,SUCCESS,2026-07-25T17:49:00
DEV0025,Motion,59.1,27.4,56,-47,SUCCESS,2026-06-28T04:17:00
DEV0021,Humidity,36.2,5.5,95,-50,SUCCESS,2026-07-11T08:56:00
DEV0006,Proximity,26.8,36.6,78,-84,SUCCESS,2026-06-29T15:58:00
DEV0059,Level,29.8,56.6,11,-65,SUCCESS,2026-07-14T21:12:00
DEV0040,Level,24.4,70.6,28,-75,SUCCESS,2026-07-13T10:53:00
DEV0034,Light,34.3,90.6,30,-76,RUNNING,2026-06-19T03:15:00
DEV0077,Vibration,4.3,85.1,91,-39,RUNNING,2026-06-21T13:16:00
DEV0011,Humidity,15.2,8.5,63,-80,FAILED,2026-06-18T20:35:00
DEV0071,Motion,11.6,4.8,32,-98,SUCCESS,2026-07-05T10:15:00
DEV0012,Proximity,34.9,77.8,69,-85,SUCCESS,2026-06-21T09:12:00
DEV0031,Air Quality,-1.4,19.1,35,-42,SUCCESS,2026-07-22T10:47:00
DEV0010,Pressure,24.0,34.0,95,-41,SUCCESS,2026-06-28T06:59:00
DEV0036,Level,41.6,34.3,83,-40,SUCCESS,2026-07-14T12:49:00
DEV0012,Proximity,-8.6,37.1,69,-63,FAILED,2026-07-21T21:58:00
DEV0034,Light,44.7,24.6,87,-64,SUCCESS,2026-07-03T03:57:00
DEV0042,Flow Rate,43.1,99.3,59,-86,SUCCESS,2026-06-27T13:56:00
DEV0024,Level,39.5,42.4,72,-32,SUCCESS,2026-07-20T08:47:00
DEV0027,Temperature,16.2,83.1,96,-40,CANCELLED,2026-06-11T01:19:00
DEV0010,Pressure,48.2,95.0,78,-75,CANCELLED,2026-07-24T13:24:00
DEV0026,Humidity,45.0,93.2,63,-51,SUCCESS,2026-07-01T09:19:00
DEV0068,Pressure,51.8,1.8,58,-65,CANCELLED,2026-07-22T16:22:00
DEV0076,Pressure,52.2,38.0,59,-41,QUEUED,2026-06-15T19:14:00
DEV0064,Level,41.0,74.2,63,-34,SUCCESS,2026-07-22T23:24:00
DEV0049,Flow Rate,-2.1,43.6,38,-64,FAILED,2026-07-07T05:54:00
DEV0062,Vibration,58.2,75.8,11,-77,SUCCESS,2026-06-01T01:58:00
DEV0008,Temperature,21.8,98.5,68,-58,SUCCESS,2026-06-20T07:18:00
DEV0049,Flow Rate,4.4,79.0,76,-73,SUCCESS,2026-07-25T08:41:00
DEV0009,Vibration,36.1,31.1,37,-66,QUEUED,2026-07-25T05:40:00
DEV0037,Level,0.7,51.1,15,-73,SUCCESS,2026-07-05T09:25:00
DEV0016,Humidity,27.8,56.3,97,-91,RUNNING,2026-06-25T21:40:00
DEV0072,Pressure,6.6,59.4,7,-39,SUCCESS,2026-07-02T09:19:00
DEV0012,Proximity,0.6,68.0,8,-38,SUCCESS,2026-07-04T05:05:00
DEV0074,Motion,29.9,97.5,26,-82,SUCCESS,2026-06-02T04:28:00
DEV0016,Humidity,14.7,44.6,81,-58,SUCCESS,2026-07-04T07:45:00
DEV0057,Humidity,49.0,72.4,43,-66,CANCELLED,2026-06-11T17:37:00
DEV0002,Air Quality,29.2,38.6,29,-60,SUCCESS,2026-06-24T14:06:00
DEV0074,Motion,35.9,77.9,15,-40,FAILED,2026-06-27T11:11:00
DEV0077,Vibration,35.1,75.1,12,-98,SUCCESS,2026-07-26T17:49:00
DEV0002,Air Quality,44.7,25.4,39,-56,SUCCESS,2026-07-24T23:11:00
DEV0004,Air Quality,25.5,58.5,98,-47,SUCCESS,2026-06-03T10:49:00
DEV0033,Level,22.7,93.7,13,-32,SUCCESS,2026-06-25T10:33:00
DEV0040,Level,55.0,22.6,80,-93,CANCELLED,2026-07-13T09:19:00
DEV0067,Light,7.4,94.7,67,-88,SUCCESS,2026-07-19T06:07:00
DEV0030,Light,26.6,64.7,33,-81,SUCCESS,2026-06-16T01:37:00
DEV0056,Humidity,24.1,61.8,68,-52,SUCCESS,2026-06-24T05:08:00
DEV0043,Motion,-4.3,50.4,46,-38,SUCCESS,2026-06-04T11:13:00
DEV0061,Proximity,4.5,58.7,14,-93,SUCCESS,2026-06-05T05:18:00
DEV0054,Proximity,43.1,47.8,16,-76,SUCCESS,2026-06-11T05:37:00
DEV0012,Proximity,19.6,53.1,67,-56,SUCCESS,2026-06-09T15:02:00
DEV0068,Pressure,13.3,47.3,96,-62,FAILED,2026-07-13T19:13:00
DEV0044,Level,11.2,24.5,17,-66,SUCCESS,2026-06-23T12:00:00
DEV0048,Motion,24.6,82.4,77,-36,SUCCESS,2026-07-22T19:05:00
DEV0067,Light,2.9,90.3,99,-41,SUCCESS,2026-06-10T16:51:00
DEV0010,Pressure,33.0,24.7,46,-59,RUNNING,2026-07-15T04:43:00
DEV0036,Level,59.4,98.6,19,-36,SUCCESS,2026-06-20T20:27:00
DEV0068,Pressure,-4.6,99.6,33,-78,SUCCESS,2026-06-17T05:36:00
DEV0044,Level,45.5,95.4,78,-56,SUCCESS,2026-06-17T19:45:00
DEV0050,Motion,38.4,18.2,65,-52,CANCELLED,2026-06-29T07:15:00
DEV0049,Flow Rate,-2.8,21.3,82,-57,SUCCESS,2026-07-21T22:29:00
DEV0013,Motion,39.0,17.2,99,-83,CANCELLED,2026-06-07T18:04:00
DEV0071,Motion,-7.4,68.9,22,-65,SUCCESS,2026-07-04T01:56:00
DEV0046,Motion,3.0,33.0,77,-60,SUCCESS,2026-06-24T22:03:00
DEV0005,Proximity,43.5,67.4,99,-78,SUCCESS,2026-07-06T09:33:00
DEV0031,Air Quality,-7.4,44.6,96,-79,SUCCESS,2026-06-15T16:43:00
DEV0056,Humidity,18.7,42.0,49,-43,SUCCESS,2026-06-17T09:23:00
DEV0034,Light,34.2,20.2,88,-44,SUCCESS,2026-06-02T19:15:00
DEV0041,Light,19.0,0.5,76,-63,SUCCESS,2026-07-26T06:27:00
DEV0002,Air Quality,-0.4,66.9,35,-83,SUCCESS,2026-06-17T14:21:00
DEV0075,Air Quality,6.7,97.5,55,-69,SUCCESS,2026-06-08T23:25:00
DEV0062,Vibration,-9.1,37.6,19,-66,SUCCESS,2026-07-23T22:01:00
DEV0064,Level,22.7,36.2,65,-53,SUCCESS,2026-06-30T07:17:00
DEV0022,Temperature,0.1,62.1,98,-63,SUCCESS,2026-07-01T06:00:00
DEV0055,Humidity,41.7,28.2,30,-79,CANCELLED,2026-07-03T05:09:00
DEV0027,Temperature,4.9,79.1,79,-30,SUCCESS,2026-06-16T14:37:00
DEV0017,Flow Rate,15.7,26.8,94,-91,FAILED,2026-06-03T19:05:00
DEV0076,Pressure,15.4,87.5,31,-66,QUEUED,2026-06-07T11:54:00
DEV0078,Pressure,16.1,7.4,44,-62,SUCCESS,2026-07-24T13:45:00
DEV0080,Air Quality,31.7,31.6,89,-52,SUCCESS,2026-07-22T04:11:00
DEV0022,Temperature,-1.0,51.3,6,-91,RUNNING,2026-07-16T08:40:00
DEV0062,Vibration,48.9,6.3,10,-90,SUCCESS,2026-06-06T05:10:00
DEV0055,Humidity,28.3,86.2,83,-49,SUCCESS,2026-07-04T00:28:00
DEV0057,Humidity,16.7,58.7,55,-85,CANCELLED,2026-06-03T04:24:00
DEV0045,Temperature,12.0,7.2,24,-61,SUCCESS,2026-06-12T17:05:00
DEV0028,Light,22.3,71.7,66,-41,SUCCESS,2026-06-07T09:22:00
DEV0069,Vibration,16.4,63.3,98,-76,SUCCESS,2026-07-22T16:07:00
DEV0049,Flow Rate,39.7,56.4,8,-99,SUCCESS,2026-07-13T21:34:00
DEV0024,Level,30.7,23.4,85,-88,SUCCESS,2026-07-13T10:48:00
DEV0052,Motion,14.4,53.9,90,-71,FAILED,2026-07-24T05:49:00
DEV0045,Temperature,10.2,42.2,14,-71,FAILED,2026-07-06T22:18:00
DEV0019,Humidity,33.1,72.5,54,-52,SUCCESS,2026-06-06T10:53:00
DEV0071,Motion,-5.6,49.6,88,-83,SUCCESS,2026-06-08T12:32:00
DEV0043,Motion,21.9,40.3,21,-70,SUCCESS,2026-07-07T08:31:00
DEV0020,Proximity,9.4,57.1,68,-30,SUCCESS,2026-06-20T03:26:00
DEV0067,Light,7.3,46.9,40,-77,SUCCESS,2026-07-08T03:56:00
DEV0036,Level,18.9,54.8,99,-77,SUCCESS,2026-06-19T13:39:00
DEV0054,Proximity,40.7,85.3,100,-83,SUCCESS,2026-07-01T00:01:00
DEV0041,Light,26.8,43.8,87,-38,SUCCESS,2026-07-19T12:15:00
DEV0067,Light,52.8,81.3,80,-65,FAILED,2026-06-01T05:16:00
DEV0042,Flow Rate,32.4,42.5,93,-40,SUCCESS,2026-07-03T03:56:00
DEV0067,Light,35.2,98.5,7,-43,RUNNING,2026-07-10T11:04:00
DEV0051,Air Quality,6.4,60.0,60,-30,SUCCESS,2026-06-17T14:25:00
DEV0019,Humidity,20.8,31.8,17,-66,SUCCESS,2026-06-25T12:24:00
DEV0003,Air Quality,53.2,45.4,70,-43,SUCCESS,2026-07-14T18:52:00
DEV0003,Air Quality,56.2,91.1,55,-93,SUCCESS,2026-07-24T02:30:00
DEV0079,Air Quality,56.8,93.9,25,-72,SUCCESS,2026-07-03T18:56:00
DEV0048,Motion,26.3,79.2,59,-86,SUCCESS,2026-07-27T20:02:00
DEV0074,Motion,2.9,65.9,71,-83,SUCCESS,2026-06-17T23:59:00
DEV0035,Humidity,-1.5,53.6,43,-48,SUCCESS,2026-07-07T06:49:00
DEV0033,Level,-6.3,62.5,57,-41,SUCCESS,2026-06-24T10:34:00
DEV0024,Level,4.3,48.1,43,-34,SUCCESS,2026-06-07T14:40:00
DEV0050,Motion,-8.7,3.0,82,-92,SUCCESS,2026-07-10T02:56:00
DEV0014,Air Quality,-6.5,14.1,50,-97,SUCCESS,2026-06-19T02:11:00
DEV0063,Proximity,8.7,27.8,54,-98,CANCELLED,2026-07-03T07:09:00
DEV0066,Light,-1.5,82.3,34,-34,SUCCESS,2026-07-06T21:29:00
DEV0059,Level,23.7,93.0,39,-98,SUCCESS,2026-07-04T18:53:00
DEV0046,Motion,29.2,82.5,68,-85,RUNNING,2026-07-20T15:48:00
DEV0040,Level,28.5,15.7,36,-94,SUCCESS,2026-07-23T22:12:00
DEV0075,Air Quality,-1.4,71.6,90,-46,SUCCESS,2026-06-25T00:12:00
DEV0075,Air Quality,0.9,26.3,24,-55,QUEUED,2026-06-07T09:56:00
DEV0048,Motion,20.3,29.7,70,-93,SUCCESS,2026-06-21T13:45:00
DEV0054,Proximity,1.4,36.4,54,-61,SUCCESS,2026-06-26T21:28:00
DEV0017,Flow Rate,59.2,38.0,9,-58,SUCCESS,2026-07-05T13:52:00
DEV0027,Temperature,9.6,2.8,81,-78,SUCCESS,2026-06-30T10:59:00
DEV0078,Pressure,-1.9,11.3,100,-33,RUNNING,2026-07-19T17:46:00
DEV0053,Level,57.3,17.0,66,-38,SUCCESS,2026-07-18T17:11:00
DEV0037,Level,59.8,86.2,20,-96,SUCCESS,2026-06-12T02:54:00
DEV0016,Humidity,31.1,56.0,13,-40,SUCCESS,2026-06-21T16:45:00
DEV0005,Proximity,43.8,67.1,78,-88,SUCCESS,2026-07-04T22:25:00
DEV0072,Pressure,10.2,16.0,7,-61,RUNNING,2026-06-28T19:07:00
DEV0050,Motion,30.2,40.9,83,-93,SUCCESS,2026-07-06T02:42:00
DEV0004,Air Quality,54.2,79.7,60,-45,SUCCESS,2026-07-26T16:55:00
DEV0002,Air Quality,-5.1,43.5,12,-32,SUCCESS,2026-06-28T02:00:00
DEV0057,Humidity,55.5,70.5,10,-49,SUCCESS,2026-07-21T22:34:00
DEV0074,Motion,35.8,93.4,45,-92,SUCCESS,2026-06-21T12:33:00
DEV0031,Air Quality,11.1,19.5,35,-83,QUEUED,2026-07-07T04:04:00
DEV0027,Temperature,43.0,71.6,10,-46,FAILED,2026-07-25T01:12:00
DEV0015,Level,24.4,90.8,90,-42,SUCCESS,2026-07-16T07:26:00
DEV0043,Motion,41.0,67.6,75,-47,SUCCESS,2026-07-17T12:49:00
DEV0024,Level,23.3,48.9,25,-73,SUCCESS,2026-06-14T17:51:00
DEV0006,Proximity,17.1,45.0,54,-77,SUCCESS,2026-06-09T20:36:00
DEV0034,Light,43.0,67.1,51,-68,SUCCESS,2026-06-28T00:47:00
DEV0042,Flow Rate,7.9,35.2,62,-81,SUCCESS,2026-06-01T01:07:00
DEV0009,Vibration,59.5,3.2,90,-69,FAILED,2026-07-12T19:23:00
DEV0031,Air Quality,-6.4,66.5,99,-62,SUCCESS,2026-06-15T17:06:00
DEV0046,Motion,42.5,65.7,63,-78,SUCCESS,2026-06-19T17:23:00
DEV0071,Motion,51.8,61.6,78,-51,QUEUED,2026-06-25T02:25:00
DEV0022,Temperature,0.8,70.1,43,-100,RUNNING,2026-06-22T09:44:00
DEV0023,Flow Rate,16.2,77.7,6,-66,SUCCESS,2026-06-10T05:48:00
DEV0003,Air Quality,-1.3,72.0,82,-46,SUCCESS,2026-07-26T12:26:00
DEV0049,Flow Rate,41.5,92.3,22,-99,RUNNING,2026-06-20T06:07:00
DEV0021,Humidity,16.1,58.6,64,-46,SUCCESS,2026-07-18T12:01:00
DEV0035,Humidity,38.7,59.3,43,-41,SUCCESS,2026-07-09T19:00:00
DEV0025,Motion,46.0,29.1,20,-90,SUCCESS,2026-06-09T17:44:00
DEV0005,Proximity,2.6,98.8,11,-38,SUCCESS,2026-07-13T03:22:00
DEV0001,Temperature,53.7,91.6,69,-69,FAILED,2026-06-03T16:52:00
DEV0022,Temperature,37.9,75.6,26,-90,RUNNING,2026-07-17T15:31:00
DEV0037,Level,-4.5,19.1,45,-82,SUCCESS,2026-06-18T04:50:00
DEV0064,Level,-7.0,56.9,80,-68,SUCCESS,2026-07-17T09:48:00
DEV0041,Light,26.2,24.2,43,-71,SUCCESS,2026-06-21T02:08:00
DEV0027,Temperature,34.8,58.4,6,-38,SUCCESS,2026-06-19T09:33:00
DEV0079,Air Quality,52.5,86.3,51,-64,SUCCESS,2026-06-08T07:59:00
DEV0058,Humidity,24.1,11.7,78,-59,SUCCESS,2026-07-01T08:51:00
DEV0017,Flow Rate,34.3,58.7,49,-83,FAILED,2026-07-26T22:01:00
DEV0049,Flow Rate,4.0,3.0,14,-86,SUCCESS,2026-07-13T01:27:00
DEV0076,Pressure,22.2,34.8,74,-56,SUCCESS,2026-07-18T09:22:00
DEV0049,Flow Rate,29.9,76.9,11,-61,SUCCESS,2026-07-05T21:35:00
DEV0035,Humidity,-4.8,74.5,22,-37,QUEUED,2026-07-04T00:07:00
DEV0012,Proximity,5.5,95.0,88,-55,FAILED,2026-07-04T01:14:00
DEV0016,Humidity,29.6,89.9,99,-83,SUCCESS,2026-06-28T10:45:00
DEV0044,Level,-4.7,78.0,45,-82,SUCCESS,2026-07-17T07:10:00
DEV0056,Humidity,10.0,51.1,15,-58,SUCCESS,2026-07-26T00:55:00
DEV0012,Proximity,44.9,43.6,32,-56,SUCCESS,2026-07-24T21:02:00
DEV0061,Proximity,23.0,24.8,17,-66,SUCCESS,2026-06-04T09:21:00
DEV0037,Level,-2.1,39.7,6,-55,SUCCESS,2026-07-22T03:57:00
DEV0053,Level,47.4,88.8,49,-82,QUEUED,2026-06-19T22:39:00
DEV0042,Flow Rate,31.5,67.3,67,-58,SUCCESS,2026-06-16T09:37:00
DEV0058,Humidity,20.9,88.7,36,-66,FAILED,2026-07-18T23:47:00
DEV0016,Humidity,20.0,91.0,40,-93,SUCCESS,2026-06-07T20:01:00
DEV0015,Level,29.5,72.5,52,-94,SUCCESS,2026-07-06T12:17:00
DEV0051,Air Quality,52.1,33.9,21,-82,SUCCESS,2026-06-17T10:35:00
DEV0065,Flow Rate,11.9,51.7,29,-36,SUCCESS,2026-07-08T22:20:00
DEV0043,Motion,46.2,69.6,70,-61,SUCCESS,2026-07-16T15:47:00
DEV0028,Light,35.3,21.2,79,-53,CANCELLED,2026-07-09T18:09:00
DEV0045,Temperature,27.7,28.9,49,-43,SUCCESS,2026-06-19T00:35:00
DEV0026,Humidity,31.1,10.1,92,-34,SUCCESS,2026-06-12T20:51:00
DEV0040,Level,46.7,16.7,19,-35,CANCELLED,2026-07-13T09:04:00
DEV0012,Proximity,46.8,7.2,17,-47,SUCCESS,2026-07-01T19:10:00
DEV0056,Humidity,51.5,31.8,35,-43,CANCELLED,2026-07-04T18:22:00
DEV0026,Humidity,9.0,24.9,59,-57,SUCCESS,2026-06-22T17:57:00
DEV0014,Air Quality,3.5,4.7,5,-61,SUCCESS,2026-07-27T14:31:00
DEV0045,Temperature,59.2,40.9,68,-83,SUCCESS,2026-06-03T14:36:00
DEV0036,Level,23.9,31.3,54,-86,SUCCESS,2026-06-07T18:41:00
DEV0063,Proximity,1.9,52.3,11,-83,SUCCESS,2026-06-28T00:22:00
DEV0006,Proximity,5.3,66.2,94,-46,SUCCESS,2026-07-18T05:15:00
DEV0005,Proximity,36.3,21.5,66,-44,SUCCESS,2026-07-08T08:24:00
DEV0016,Humidity,31.9,2.8,94,-92,RUNNING,2026-06-03T15:24:00
DEV0023,Flow Rate,26.0,24.8,41,-34,SUCCESS,2026-07-24T17:02:00
DEV0042,Flow Rate,11.8,41.3,54,-70,SUCCESS,2026-07-07T10:52:00
DEV0019,Humidity,0.3,3.0,90,-50,SUCCESS,2026-07-05T12:30:00
DEV0066,Light,51.6,86.6,89,-54,SUCCESS,2026-07-01T15:55:00
DEV0054,Proximity,17.7,24.2,20,-80,SUCCESS,2026-07-01T01:06:00
DEV0061,Proximity,52.0,81.5,12,-84,SUCCESS,2026-06-14T22:53:00
DEV0014,Air Quality,36.3,72.5,19,-48,SUCCESS,2026-06-12T16:26:00
DEV0034,Light,3.8,32.9,62,-36,SUCCESS,2026-06-15T23:25:00
DEV0075,Air Quality,58.9,81.3,27,-45,RUNNING,2026-07-22T11:29:00
DEV0037,Level,-1.7,95.0,82,-36,QUEUED,2026-06-23T01:30:00
DEV0069,Vibration,-9.4,12.2,26,-49,SUCCESS,2026-07-09T00:33:00
DEV0043,Motion,3.4,38.1,48,-78,SUCCESS,2026-06-28T14:06:00
DEV0057,Humidity,27.4,71.6,15,-92,RUNNING,2026-07-19T09:27:00
DEV0042,Flow Rate,44.7,93.5,22,-90,SUCCESS,2026-06-09T23:46:00
DEV0019,Humidity,29.2,53.9,47,-60,SUCCESS,2026-06-23T08:06:00
DEV0043,Motion,11.2,9.9,55,-43,SUCCESS,2026-06-26T02:42:00
DEV0027,Temperature,50.7,69.2,80,-31,SUCCESS,2026-07-20T12:41:00
DEV0050,Motion,26.0,45.5,85,-99,SUCCESS,2026-06-06T00:57:00
DEV0015,Level,49.5,50.0,54,-95,QUEUED,2026-07-05T12:32:00
DEV0009,Vibration,49.6,15.7,38,-88,SUCCESS,2026-06-29T10:59:00
DEV0048,Motion,57.7,83.6,67,-42,SUCCESS,2026-06-19T10:29:00
DEV0003,Air Quality,-7.2,12.2,6,-40,SUCCESS,2026-07-01T18:25:00
DEV0040,Level,10.6,72.3,88,-56,FAILED,2026-06-17T09:50:00
DEV0050,Motion,16.7,81.5,24,-63,SUCCESS,2026-06-23T02:08:00
DEV0050,Motion,-6.1,74.3,58,-78,SUCCESS,2026-06-01T04:19:00
DEV0079,Air Quality,11.1,3.5,66,-97,SUCCESS,2026-06-29T02:34:00
DEV0076,Pressure,56.8,18.4,44,-63,RUNNING,2026-06-11T17:33:00
DEV0055,Humidity,45.4,80.1,16,-62,SUCCESS,2026-07-03T10:22:00
DEV0077,Vibration,-5.6,49.7,20,-98,SUCCESS,2026-06-27T18:12:00
DEV0061,Proximity,42.3,23.5,36,-56,SUCCESS,2026-06-30T17:14:00
DEV0012,Proximity,41.9,64.3,30,-83,QUEUED,2026-07-10T10:01:00
DEV0011,Humidity,27.7,54.6,63,-32,SUCCESS,2026-06-11T06:54:00
DEV0009,Vibration,33.1,11.0,68,-86,SUCCESS,2026-06-18T16:52:00
DEV0075,Air Quality,-0.3,19.6,59,-66,SUCCESS,2026-06-13T12:44:00
DEV0045,Temperature,1.5,74.5,67,-91,SUCCESS,2026-06-08T19:50:00
DEV0044,Level,25.1,57.9,50,-77,SUCCESS,2026-06-16T03:30:00
DEV0045,Temperature,58.1,52.8,96,-90,SUCCESS,2026-06-11T19:24:00
DEV0053,Level,38.6,20.6,91,-35,SUCCESS,2026-07-27T23:16:00
DEV0009,Vibration,12.5,51.7,46,-67,SUCCESS,2026-06-18T05:01:00
DEV0011,Humidity,25.1,68.0,65,-91,SUCCESS,2026-06-29T14:13:00
DEV0070,Vibration,47.5,58.2,81,-92,SUCCESS,2026-06-05T05:21:00
DEV0057,Humidity,23.4,28.3,33,-83,SUCCESS,2026-07-11T07:33:00
DEV0080,Air Quality,30.1,73.1,78,-56,SUCCESS,2026-07-07T02:10:00
DEV0042,Flow Rate,26.7,25.5,51,-55,SUCCESS,2026-06-12T13:27:00
DEV0046,Motion,47.4,34.8,82,-96,SUCCESS,2026-06-18T19:47:00
DEV0075,Air Quality,50.1,34.5,33,-46,SUCCESS,2026-06-30T15:38:00
DEV0046,Motion,23.9,55.3,20,-60,SUCCESS,2026-06-25T02:59:00
DEV0044,Level,34.9,57.4,36,-61,SUCCESS,2026-06-25T22:35:00
DEV0079,Air Quality,8.6,79.2,7,-85,RUNNING,2026-07-27T19:29:00
DEV0004,Air Quality,53.0,69.7,67,-42,SUCCESS,2026-06-12T12:58:00
DEV0077,Vibration,32.2,94.1,19,-34,SUCCESS,2026-06-14T00:43:00
DEV0015,Level,35.9,28.0,67,-37,SUCCESS,2026-06-13T12:12:00
DEV0039,Temperature,46.2,32.8,44,-63,FAILED,2026-06-29T17:57:00
DEV0009,Vibration,11.0,23.3,56,-95,RUNNING,2026-06-14T17:08:00
DEV0021,Humidity,31.6,1.1,64,-93,SUCCESS,2026-07-08T18:19:00
DEV0019,Humidity,3.2,96.0,92,-52,SUCCESS,2026-07-13T02:24:00
DEV0043,Motion,32.0,17.5,10,-84,SUCCESS,2026-07-08T15:45:00
DEV0049,Flow Rate,52.9,81.4,38,-32,FAILED,2026-07-13T09:54:00
DEV0041,Light,-3.1,84.3,74,-49,SUCCESS,2026-06-11T08:07:00
DEV0023,Flow Rate,22.4,12.2,80,-77,FAILED,2026-07-20T10:29:00
DEV0076,Pressure,17.0,43.3,73,-88,CANCELLED,2026-06-03T07:46:00
DEV0078,Pressure,8.1,32.4,24,-64,SUCCESS,2026-06-20T04:29:00
DEV0021,Humidity,31.9,55.2,18,-31,SUCCESS,2026-07-09T05:04:00
DEV0041,Light,53.6,96.2,53,-49,SUCCESS,2026-06-30T13:46:00
DEV0057,Humidity,3.0,12.5,79,-95,SUCCESS,2026-07-12T21:08:00
DEV0015,Level,29.8,35.5,50,-85,CANCELLED,2026-07-12T09:49:00
DEV0013,Motion,-9.5,6.8,64,-80,SUCCESS,2026-06-07T01:57:00
DEV0032,Level,50.4,48.3,74,-70,CANCELLED,2026-07-02T23:28:00
DEV0011,Humidity,-9.2,91.6,74,-96,SUCCESS,2026-07-12T15:14:00
DEV0047,Flow Rate,58.1,37.3,57,-46,RUNNING,2026-07-20T01:08:00
DEV0041,Light,47.5,12.7,41,-73,SUCCESS,2026-07-22T08:46:00
DEV0003,Air Quality,23.8,77.9,38,-99,SUCCESS,2026-06-02T05:43:00
DEV0016,Humidity,55.6,6.6,28,-70,FAILED,2026-07-23T22:39:00
DEV0062,Vibration,-4.8,20.7,22,-86,SUCCESS,2026-07-10T16:23:00
DEV0072,Pressure,29.3,79.4,77,-75,SUCCESS,2026-06-11T12:46:00
DEV0044,Level,-8.9,95.8,13,-54,SUCCESS,2026-06-08T11:22:00
DEV0072,Pressure,-8.9,44.1,11,-98,FAILED,2026-06-30T08:14:00
DEV0028,Light,5.4,28.0,61,-68,SUCCESS,2026-06-30T09:57:00
DEV0077,Vibration,53.3,84.5,93,-81,CANCELLED,2026-07-18T02:14:00
DEV0013,Motion,21.6,2.0,90,-99,RUNNING,2026-06-23T08:55:00
DEV0029,Temperature,45.0,7.0,50,-31,SUCCESS,2026-06-06T14:35:00
DEV0038,Humidity,-2.3,12.0,30,-87,SUCCESS,2026-06-26T18:43:00
DEV0058,Humidity,-2.2,42.1,5,-49,SUCCESS,2026-06-18T22:54:00
DEV0071,Motion,17.9,85.1,52,-87,SUCCESS,2026-07-14T18:14:00
DEV0064,Level,15.1,66.4,11,-35,SUCCESS,2026-06-22T17:42:00
DEV0043,Motion,9.7,35.0,97,-61,SUCCESS,2026-06-06T03:56:00
DEV0046,Motion,19.3,23.8,40,-75,SUCCESS,2026-07-04T08:13:00
DEV0031,Air Quality,0.3,29.4,99,-94,SUCCESS,2026-06-03T19:04:00
DEV0077,Vibration,57.2,98.6,43,-78,SUCCESS,2026-06-07T13:23:00
DEV0074,Motion,8.9,55.6,83,-66,SUCCESS,2026-07-24T10:54:00
DEV0043,Motion,44.6,44.0,33,-98,SUCCESS,2026-06-02T22:01:00
DEV0001,Temperature,56.7,44.2,31,-52,CANCELLED,2026-06-28T17:09:00
DEV0001,Temperature,57.8,82.9,24,-91,SUCCESS,2026-07-22T12:44:00
DEV0069,Vibration,9.2,47.7,71,-35,CANCELLED,2026-06-24T10:19:00
DEV0028,Light,28.2,39.7,73,-30,FAILED,2026-06-25T10:48:00
DEV0039,Temperature,0.1,23.7,43,-72,SUCCESS,2026-06-09T16:17:00
DEV0007,Air Quality,26.7,86.0,47,-45,SUCCESS,2026-07-22T03:58:00
DEV0042,Flow Rate,-6.8,18.0,49,-36,CANCELLED,2026-06-29T16:13:00
DEV0080,Air Quality,41.1,99.6,63,-60,QUEUED,2026-06-21T17:42:00
DEV0023,Flow Rate,-1.4,85.9,66,-81,SUCCESS,2026-07-08T23:23:00
DEV0064,Level,47.7,52.8,89,-37,FAILED,2026-07-03T03:19:00
DEV0008,Temperature,56.2,99.8,56,-68,SUCCESS,2026-07-21T23:30:00
DEV0050,Motion,5.9,43.6,88,-79,SUCCESS,2026-06-06T09:04:00
DEV0073,Proximity,48.2,0.4,92,-67,FAILED,2026-06-23T06:22:00
DEV0012,Proximity,52.0,52.4,87,-44,SUCCESS,2026-06-30T16:27:00
DEV0050,Motion,54.5,96.0,11,-82,SUCCESS,2026-06-08T08:51:00
DEV0015,Level,-7.1,50.1,23,-33,QUEUED,2026-07-19T12:31:00
DEV0075,Air Quality,15.4,44.6,49,-94,SUCCESS,2026-07-14T03:29:00
DEV0007,Air Quality,38.3,49.2,48,-52,RUNNING,2026-07-18T17:19:00
DEV0025,Motion,24.7,46.1,76,-50,CANCELLED,2026-06-18T08:48:00
DEV0065,Flow Rate,13.6,66.1,47,-45,FAILED,2026-07-12T15:30:00
DEV0040,Level,22.8,23.5,64,-100,SUCCESS,2026-07-11T17:15:00
DEV0072,Pressure,50.1,31.4,44,-64,RUNNING,2026-07-03T10:48:00
DEV0045,Temperature,47.3,9.2,40,-75,CANCELLED,2026-07-16T15:47:00
DEV0045,Temperature,13.0,10.7,26,-64,RUNNING,2026-06-21T15:13:00
DEV0006,Proximity,-3.2,53.4,13,-32,FAILED,2026-07-25T21:34:00
DEV0023,Flow Rate,9.1,20.6,39,-30,SUCCESS,2026-07-22T14:30:00
DEV0008,Temperature,-7.2,99.4,50,-97,SUCCESS,2026-06-10T17:43:00
DEV0041,Light,35.3,55.1,54,-47,SUCCESS,2026-06-23T17:14:00
DEV0013,Motion,46.1,74.7,26,-88,CANCELLED,2026-06-15T23:28:00
DEV0022,Temperature,-6.0,3.6,14,-85,SUCCESS,2026-06-26T12:04:00
DEV0061,Proximity,35.2,6.0,69,-52,SUCCESS,2026-06-23T02:35:00
DEV0079,Air Quality,46.4,95.5,30,-62,FAILED,2026-07-21T23:31:00
DEV0044,Level,54.5,89.3,23,-100,SUCCESS,2026-07-17T15:26:00
DEV0059,Level,18.7,12.2,89,-80,SUCCESS,2026-07-01T19:52:00
DEV0073,Proximity,21.7,29.5,76,-59,SUCCESS,2026-06-25T19:56:00
DEV0024,Level,53.6,7.3,10,-73,SUCCESS,2026-06-01T05:35:00
DEV0045,Temperature,-1.5,48.0,15,-41,FAILED,2026-06-25T18:31:00
DEV0041,Light,47.6,82.6,37,-66,SUCCESS,2026-07-23T21:37:00
DEV0053,Level,12.6,80.9,57,-39,SUCCESS,2026-07-18T19:24:00
DEV0035,Humidity,-5.4,63.3,12,-34,SUCCESS,2026-06-16T23:19:00
DEV0061,Proximity,51.5,93.1,88,-63,SUCCESS,2026-06-07T19:32:00
DEV0079,Air Quality,5.5,21.5,37,-60,SUCCESS,2026-06-17T21:48:00
DEV0013,Motion,8.1,81.6,17,-56,RUNNING,2026-06-07T04:49:00
DEV0027,Temperature,46.6,32.9,33,-51,SUCCESS,2026-06-29T19:55:00
DEV0043,Motion,25.3,38.2,93,-76,SUCCESS,2026-06-06T05:00:00
DEV0069,Vibration,54.5,5.1,66,-97,SUCCESS,2026-07-03T13:29:00
DEV0039,Temperature,-0.7,19.6,23,-98,SUCCESS,2026-06-30T01:32:00
DEV0023,Flow Rate,-8.8,35.2,96,-39,SUCCESS,2026-06-05T02:41:00
DEV0004,Air Quality,42.9,25.4,61,-88,SUCCESS,2026-06-13T00:09:00
DEV0060,Pressure,43.8,50.1,41,-48,SUCCESS,2026-07-07T13:25:00
DEV0068,Pressure,-1.7,26.9,7,-36,SUCCESS,2026-06-21T11:17:00
DEV0015,Level,9.3,5.4,91,-34,SUCCESS,2026-06-09T07:13:00
DEV0019,Humidity,24.9,77.3,25,-100,QUEUED,2026-06-29T03:01:00
DEV0001,Temperature,17.3,58.9,18,-94,SUCCESS,2026-07-08T17:44:00
DEV0066,Light,6.1,82.3,13,-89,SUCCESS,2026-07-01T04:08:00
DEV0026,Humidity,9.9,80.7,18,-48,CANCELLED,2026-07-10T23:42:00
DEV0071,Motion,15.8,66.6,46,-64,SUCCESS,2026-06-23T07:54:00
DEV0022,Temperature,13.1,2.6,56,-95,RUNNING,2026-07-14T15:47:00
DEV0033,Level,-1.9,17.9,28,-66,RUNNING,2026-06-08T21:02:00
DEV0038,Humidity,20.3,90.1,98,-93,RUNNING,2026-07-26T12:33:00
DEV0004,Air Quality,41.8,54.5,79,-65,SUCCESS,2026-07-17T14:50:00
DEV0046,Motion,-6.7,43.8,46,-34,SUCCESS,2026-06-19T10:38:00
DEV0008,Temperature,49.9,28.0,55,-55,FAILED,2026-07-20T08:30:00
DEV0005,Proximity,39.2,30.1,7,-70,SUCCESS,2026-07-24T05:29:00
DEV0070,Vibration,14.4,33.9,84,-59,SUCCESS,2026-07-03T04:28:00
DEV0049,Flow Rate,31.8,71.6,14,-62,SUCCESS,2026-07-07T19:02:00
DEV0059,Level,1.0,89.5,72,-80,SUCCESS,2026-06-17T10:27:00
DEV0076,Pressure,40.7,73.5,18,-89,SUCCESS,2026-06-27T00:57:00
DEV0064,Level,11.3,38.1,36,-67,SUCCESS,2026-07-27T23:13:00
DEV0058,Humidity,14.9,20.0,47,-100,SUCCESS,2026-07-06T16:12:00
DEV0010,Pressure,43.8,12.9,51,-33,SUCCESS,2026-06-07T19:19:00
DEV0048,Motion,44.5,10.3,33,-58,SUCCESS,2026-06-09T05:21:00
DEV0009,Vibration,18.8,87.4,48,-81,RUNNING,2026-07-21T05:55:00
DEV0035,Humidity,-6.6,56.3,98,-41,SUCCESS,2026-06-21T12:58:00
DEV0050,Motion,23.5,17.0,93,-99,SUCCESS,2026-07-06T18:10:00
DEV0014,Air Quality,44.2,49.6,31,-86,SUCCESS,2026-07-14T12:30:00
DEV0029,Temperature,26.6,37.8,74,-72,SUCCESS,2026-06-15T18:13:00
DEV0019,Humidity,57.7,99.6,41,-33,SUCCESS,2026-07-14T11:48:00
DEV0005,Proximity,41.7,80.7,18,-89,SUCCESS,2026-07-04T16:35:00
DEV0056,Humidity,31.6,83.1,93,-30,SUCCESS,2026-06-11T02:59:00
DEV0068,Pressure,14.3,75.9,35,-34,SUCCESS,2026-07-02T11:58:00
DEV0056,Humidity,59.5,92.0,65,-38,SUCCESS,2026-06-06T12:08:00
DEV0057,Humidity,52.9,34.0,9,-98,SUCCESS,2026-06-01T13:28:00
DEV0077,Vibration,51.4,34.2,68,-37,FAILED,2026-06-27T12:42:00
DEV0046,Motion,-9.0,48.0,90,-96,SUCCESS,2026-06-27T12:50:00
DEV0010,Pressure,45.9,51.3,34,-43,SUCCESS,2026-07-17T10:34:00
DEV0055,Humidity,43.5,78.7,15,-66,SUCCESS,2026-07-15T04:18:00
DEV0065,Flow Rate,50.0,54.6,63,-36,SUCCESS,2026-07-02T04:29:00
DEV0078,Pressure,52.7,83.0,16,-38,SUCCESS,2026-07-07T05:15:00
DEV0012,Proximity,-5.4,99.3,99,-68,SUCCESS,2026-07-05T07:56:00
DEV0007,Air Quality,36.0,35.6,88,-54,SUCCESS,2026-06-08T09:33:00
DEV0009,Vibration,-6.2,82.2,73,-34,SUCCESS,2026-07-09T14:08:00
DEV0046,Motion,6.6,85.9,72,-51,FAILED,2026-06-13T01:24:00
DEV0012,Proximity,30.2,79.1,12,-86,QUEUED,2026-06-03T15:21:00
DEV0032,Level,-2.5,17.0,60,-88,RUNNING,2026-07-10T14:56:00
DEV0003,Air Quality,26.5,66.6,95,-64,RUNNING,2026-07-04T18:10:00
DEV0035,Humidity,10.6,61.8,53,-65,SUCCESS,2026-06-02T13:18:00
DEV0070,Vibration,-8.8,18.2,88,-43,SUCCESS,2026-07-17T23:10:00
DEV0057,Humidity,31.9,81.6,71,-35,SUCCESS,2026-07-10T08:59:00
DEV0047,Flow Rate,14.8,51.8,59,-72,SUCCESS,2026-06-24T16:09:00
DEV0040,Level,10.9,0.1,62,-69,SUCCESS,2026-07-01T10:30:00
DEV0061,Proximity,43.6,18.6,39,-100,SUCCESS,2026-07-06T19:53:00
DEV0062,Vibration,50.9,64.0,35,-53,FAILED,2026-06-22T21:58:00
DEV0046,Motion,40.1,77.3,82,-77,FAILED,2026-06-19T18:59:00
DEV0025,Motion,41.2,39.8,73,-88,QUEUED,2026-06-24T22:56:00
DEV0070,Vibration,6.9,24.1,77,-41,SUCCESS,2026-06-10T08:55:00
DEV0022,Temperature,36.7,69.8,16,-62,SUCCESS,2026-06-28T06:33:00
DEV0080,Air Quality,24.2,88.3,82,-68,SUCCESS,2026-07-05T08:16:00
DEV0049,Flow Rate,29.1,98.7,38,-83,SUCCESS,2026-06-06T16:13:00
DEV0013,Motion,58.1,52.0,35,-80,FAILED,2026-06-06T14:43:00
DEV0056,Humidity,6.9,5.6,14,-82,SUCCESS,2026-07-23T20:29:00
DEV0078,Pressure,-5.5,21.6,95,-37,SUCCESS,2026-06-11T15:45:00
DEV0079,Air Quality,47.5,41.2,57,-31,CANCELLED,2026-06-24T23:50:00
DEV0048,Motion,19.8,51.3,25,-50,FAILED,2026-06-12T20:00:00
DEV0003,Air Quality,49.3,97.8,65,-75,FAILED,2026-07-08T19:07:00
DEV0038,Humidity,44.3,76.1,7,-91,FAILED,2026-06-27T09:40:00
DEV0007,Air Quality,57.3,4.4,20,-91,FAILED,2026-06-06T22:20:00
DEV0001,Temperature,7.5,61.7,66,-48,SUCCESS,2026-06-01T02:35:00
DEV0043,Motion,57.1,62.0,54,-66,SUCCESS,2026-07-21T02:27:00
DEV0064,Level,38.1,34.2,33,-78,SUCCESS,2026-06-25T12:33:00
DEV0016,Humidity,-1.1,96.2,74,-34,SUCCESS,2026-07-10T16:48:00
DEV0035,Humidity,17.5,28.9,76,-72,SUCCESS,2026-06-13T08:35:00
DEV0005,Proximity,-4.5,21.5,81,-91,SUCCESS,2026-06-15T11:29:00
DEV0025,Motion,56.0,87.4,16,-88,CANCELLED,2026-07-01T06:00:00
DEV0028,Light,0.8,47.6,16,-89,SUCCESS,2026-07-22T11:59:00
DEV0003,Air Quality,-8.4,26.9,11,-48,SUCCESS,2026-06-23T17:25:00
DEV0014,Air Quality,22.3,9.8,68,-46,RUNNING,2026-07-21T01:11:00
DEV0046,Motion,-5.2,22.8,33,-47,SUCCESS,2026-06-02T23:21:00
DEV0024,Level,-0.1,11.3,20,-88,FAILED,2026-06-27T08:05:00
DEV0053,Level,6.3,55.8,92,-45,SUCCESS,2026-06-21T18:26:00
DEV0034,Light,24.6,60.6,70,-31,RUNNING,2026-06-16T21:08:00
DEV0080,Air Quality,2.0,98.6,40,-90,SUCCESS,2026-06-01T16:18:00
DEV0029,Temperature,9.4,98.2,11,-85,SUCCESS,2026-07-18T01:24:00
DEV0015,Level,43.4,75.6,79,-33,SUCCESS,2026-06-02T02:56:00
DEV0060,Pressure,52.8,60.4,83,-33,RUNNING,2026-06-01T06:09:00
DEV0061,Proximity,47.4,86.2,66,-97,SUCCESS,2026-06-01T10:45:00
DEV0032,Level,44.6,95.3,35,-91,SUCCESS,2026-07-25T05:48:00
DEV0030,Light,30.7,65.7,89,-95,SUCCESS,2026-06-30T18:52:00
DEV0034,Light,-0.2,76.2,96,-30,SUCCESS,2026-07-25T21:17:00
DEV0052,Motion,-2.6,35.5,67,-61,SUCCESS,2026-06-26T08:58:00
DEV0014,Air Quality,49.5,86.9,100,-69,SUCCESS,2026-06-05T15:22:00
DEV0064,Level,43.9,32.9,79,-64,RUNNING,2026-06-07T09:43:00
DEV0027,Temperature,8.2,80.4,63,-96,SUCCESS,2026-07-24T17:52:00
DEV0012,Proximity,47.3,67.4,23,-87,SUCCESS,2026-07-10T12:30:00
DEV0009,Vibration,28.1,23.9,94,-58,FAILED,2026-06-17T04:04:00
DEV0047,Flow Rate,9.6,46.5,5,-96,RUNNING,2026-06-26T03:38:00
DEV0029,Temperature,4.4,26.6,21,-56,SUCCESS,2026-07-17T07:35:00
DEV0056,Humidity,13.8,80.3,30,-47,SUCCESS,2026-07-21T18:50:00
DEV0058,Humidity,1.1,50.4,53,-57,SUCCESS,2026-07-20T06:45:00
DEV0001,Temperature,28.6,61.0,62,-58,SUCCESS,2026-07-27T08:34:00
DEV0033,Level,55.5,14.3,58,-89,SUCCESS,2026-06-11T03:45:00
DEV0010,Pressure,-4.6,81.0,67,-99,SUCCESS,2026-06-08T14:13:00
DEV0043,Motion,-2.1,78.0,17,-47,RUNNING,2026-06-20T11:56:00
DEV0046,Motion,-3.2,35.0,12,-79,SUCCESS,2026-06-05T08:35:00
DEV0024,Level,-1.8,84.5,78,-93,SUCCESS,2026-07-25T12:56:00
DEV0053,Level,32.9,82.9,23,-33,SUCCESS,2026-06-07T14:12:00
DEV0080,Air Quality,-6.3,28.9,18,-90,SUCCESS,2026-07-15T16:50:00
DEV0068,Pressure,7.2,74.0,84,-93,SUCCESS,2026-06-21T12:44:00
DEV0038,Humidity,11.2,93.7,93,-39,SUCCESS,2026-07-11T00:33:00
DEV0066,Light,24.1,27.6,16,-45,RUNNING,2026-07-25T18:21:00
DEV0017,Flow Rate,15.2,76.6,5,-64,SUCCESS,2026-06-14T08:37:00
DEV0032,Level,-2.2,9.0,73,-86,SUCCESS,2026-07-15T19:50:00
DEV0015,Level,-5.7,2.8,54,-96,SUCCESS,2026-07-12T17:56:00
DEV0071,Motion,24.3,86.8,67,-68,SUCCESS,2026-06-17T09:37:00
DEV0011,Humidity,27.8,60.3,33,-52,QUEUED,2026-06-03T05:50:00
DEV0052,Motion,57.3,93.3,13,-67,SUCCESS,2026-06-28T13:50:00
DEV0073,Proximity,-8.2,41.8,39,-90,SUCCESS,2026-06-16T01:14:00
DEV0028,Light,-8.6,6.5,31,-73,SUCCESS,2026-07-10T20:51:00
DEV0007,Air Quality,39.2,74.3,26,-62,SUCCESS,2026-06-15T05:03:00
DEV0042,Flow Rate,-5.2,11.6,84,-51,SUCCESS,2026-06-20T04:09:00
DEV0041,Light,11.6,45.3,50,-75,SUCCESS,2026-06-04T06:11:00
DEV0039,Temperature,48.1,39.0,26,-47,SUCCESS,2026-06-10T22:36:00
DEV0060,Pressure,53.2,62.9,9,-31,SUCCESS,2026-06-27T17:22:00
DEV0056,Humidity,3.2,71.4,95,-31,FAILED,2026-06-20T10:34:00
DEV0010,Pressure,40.9,45.9,27,-32,SUCCESS,2026-06-02T21:35:00
DEV0046,Motion,49.6,42.0,74,-55,RUNNING,2026-07-13T07:59:00
DEV0030,Light,4.7,52.0,79,-38,SUCCESS,2026-07-27T02:49:00
DEV0007,Air Quality,45.6,45.7,27,-72,SUCCESS,2026-06-17T05:45:00
DEV0076,Pressure,26.2,59.2,14,-49,SUCCESS,2026-06-28T19:04:00
DEV0063,Proximity,2.0,99.1,35,-39,SUCCESS,2026-06-20T19:35:00
DEV0048,Motion,2.1,96.2,16,-55,RUNNING,2026-07-15T01:09:00
DEV0005,Proximity,2.7,78.4,45,-69,SUCCESS,2026-06-10T17:16:00
DEV0061,Proximity,10.6,43.6,31,-41,CANCELLED,2026-07-01T04:16:00
DEV0007,Air Quality,57.7,72.0,50,-60,CANCELLED,2026-06-21T03:17:00
DEV0066,Light,17.9,81.9,72,-36,SUCCESS,2026-06-08T00:30:00
DEV0040,Level,48.2,16.2,84,-97,SUCCESS,2026-07-11T19:19:00
DEV0027,Temperature,-1.5,2.7,43,-74,SUCCESS,2026-06-26T17:44:00
DEV0015,Level,40.9,57.7,18,-65,RUNNING,2026-06-15T05:06:00
DEV0046,Motion,44.4,72.6,7,-60,SUCCESS,2026-06-01T10:19:00
DEV0008,Temperature,15.7,18.4,75,-77,SUCCESS,2026-07-27T05:39:00
DEV0066,Light,26.5,77.3,74,-72,QUEUED,2026-06-18T02:14:00
DEV0029,Temperature,-4.2,47.1,44,-48,SUCCESS,2026-06-02T22:31:00
DEV0061,Proximity,34.1,54.4,66,-94,SUCCESS,2026-07-07T04:54:00
DEV0025,Motion,36.2,58.6,26,-94,SUCCESS,2026-07-21T06:45:00
DEV0079,Air Quality,18.7,13.7,91,-83,SUCCESS,2026-06-11T06:30:00
DEV0053,Level,15.0,88.7,81,-70,CANCELLED,2026-07-25T10:24:00
DEV0035,Humidity,52.5,63.8,45,-76,CANCELLED,2026-07-23T06:25:00
DEV0076,Pressure,30.9,7.3,39,-80,SUCCESS,2026-06-02T10:44:00
DEV0009,Vibration,27.2,1.6,30,-35,FAILED,2026-07-07T04:18:00
DEV0043,Motion,39.3,84.7,5,-65,QUEUED,2026-07-12T12:15:00
DEV0033,Level,22.7,41.6,24,-71,FAILED,2026-06-02T10:48:00
DEV0035,Humidity,30.3,18.6,84,-30,SUCCESS,2026-07-24T21:35:00
DEV0059,Level,51.2,1.3,43,-32,RUNNING,2026-06-25T11:10:00
DEV0058,Humidity,24.4,89.8,45,-36,SUCCESS,2026-06-10T19:47:00
DEV0024,Level,46.7,33.7,64,-49,QUEUED,2026-07-22T01:34:00
DEV0014,Air Quality,10.7,36.0,29,-97,FAILED,2026-07-26T21:18:00
DEV0057,Humidity,22.1,39.6,78,-88,SUCCESS,2026-06-15T14:21:00
DEV0016,Humidity,11.1,72.7,100,-75,SUCCESS,2026-06-25T09:42:00
DEV0011,Humidity,6.9,4.2,21,-73,SUCCESS,2026-06-07T19:32:00
DEV0031,Air Quality,33.3,95.8,10,-80,SUCCESS,2026-06-05T16:38:00
DEV0075,Air Quality,53.5,19.7,93,-58,FAILED,2026-06-16T18:15:00
DEV0038,Humidity,14.0,34.3,81,-65,SUCCESS,2026-06-05T02:51:00
DEV0017,Flow Rate,15.6,8.1,30,-85,SUCCESS,2026-06-28T15:02:00
DEV0022,Temperature,38.0,7.2,51,-56,SUCCESS,2026-06-19T01:16:00
DEV0041,Light,4.5,86.2,51,-34,SUCCESS,2026-06-23T10:44:00
DEV0057,Humidity,27.4,71.1,96,-43,RUNNING,2026-07-18T00:26:00
DEV0076,Pressure,21.7,62.6,60,-90,RUNNING,2026-06-14T20:59:00
DEV0053,Level,58.0,20.4,37,-84,QUEUED,2026-07-13T16:05:00
DEV0017,Flow Rate,-9.6,11.3,90,-51,FAILED,2026-06-27T12:33:00
DEV0025,Motion,20.8,6.7,49,-93,SUCCESS,2026-06-07T08:35:00
DEV0070,Vibration,50.0,77.3,57,-64,RUNNING,2026-06-28T14:42:00
DEV0028,Light,55.4,64.1,88,-76,SUCCESS,2026-07-24T19:38:00
DEV0037,Level,39.1,84.0,7,-77,SUCCESS,2026-07-10T19:43:00
DEV0052,Motion,9.8,85.2,18,-99,SUCCESS,2026-07-10T16:10:00
DEV0052,Motion,1.0,26.2,68,-32,SUCCESS,2026-07-27T20:44:00
DEV0076,Pressure,17.0,94.9,73,-91,SUCCESS,2026-06-29T08:13:00
DEV0015,Level,46.0,67.3,46,-47,QUEUED,2026-07-07T03:16:00
DEV0001,Temperature,10.6,29.0,59,-60,CANCELLED,2026-06-20T08:23:00
DEV0059,Level,38.0,66.3,92,-54,SUCCESS,2026-06-05T11:14:00
DEV0053,Level,-3.4,1.8,73,-51,RUNNING,2026-06-13T16:44:00
DEV0069,Vibration,16.1,43.4,16,-98,SUCCESS,2026-06-09T14:58:00
DEV0021,Humidity,39.5,15.9,90,-49,SUCCESS,2026-06-22T00:27:00
DEV0063,Proximity,-9.6,20.1,36,-75,RUNNING,2026-06-18T02:22:00
DEV0064,Level,59.0,40.8,86,-91,SUCCESS,2026-06-03T13:21:00
DEV0007,Air Quality,7.0,65.1,96,-40,SUCCESS,2026-07-24T14:47:00
DEV0032,Level,45.0,68.5,21,-86,SUCCESS,2026-07-04T10:09:00
DEV0060,Pressure,11.8,15.2,43,-69,SUCCESS,2026-06-04T15:38:00
DEV0005,Proximity,30.8,52.9,77,-59,RUNNING,2026-07-22T11:27:00
DEV0077,Vibration,13.6,22.2,57,-92,SUCCESS,2026-07-08T02:14:00
DEV0003,Air Quality,42.8,58.2,75,-52,FAILED,2026-06-23T06:15:00
DEV0027,Temperature,46.7,57.8,14,-61,SUCCESS,2026-06-24T02:02:00
DEV0003,Air Quality,21.6,14.4,96,-73,SUCCESS,2026-06-26T16:22:00
DEV0027,Temperature,38.6,71.0,68,-69,RUNNING,2026-06-14T23:44:00
DEV0064,Level,45.3,67.2,61,-44,SUCCESS,2026-06-30T10:26:00
DEV0036,Level,56.5,5.9,73,-37,SUCCESS,2026-07-07T14:21:00
DEV0080,Air Quality,44.8,71.6,9,-74,RUNNING,2026-07-17T07:04:00
DEV0079,Air Quality,51.3,60.6,87,-43,QUEUED,2026-07-14T03:36:00
DEV0071,Motion,15.8,0.5,12,-67,SUCCESS,2026-07-10T19:02:00
DEV0071,Motion,58.7,34.1,7,-58,FAILED,2026-07-14T22:07:00
DEV0077,Vibration,57.6,28.0,37,-74,SUCCESS,2026-06-24T00:14:00
DEV0018,Level,19.0,53.5,21,-87,SUCCESS,2026-06-13T08:25:00
DEV0028,Light,39.6,38.1,35,-41,SUCCESS,2026-06-15T17:20:00
DEV0010,Pressure,25.7,35.0,53,-94,SUCCESS,2026-06-11T23:03:00
DEV0072,Pressure,30.1,10.8,10,-82,FAILED,2026-06-20T05:44:00
DEV0060,Pressure,21.1,78.4,99,-34,SUCCESS,2026-06-11T21:22:00
DEV0042,Flow Rate,9.1,27.5,67,-44,SUCCESS,2026-07-11T12:47:00
DEV0044,Level,53.4,9.0,24,-80,QUEUED,2026-06-13T16:29:00
DEV0057,Humidity,-4.4,2.8,42,-30,SUCCESS,2026-06-30T21:27:00
DEV0066,Light,55.5,25.1,37,-35,SUCCESS,2026-06-13T06:52:00
DEV0074,Motion,58.0,16.8,76,-42,SUCCESS,2026-07-26T15:46:00
DEV0059,Level,25.0,84.2,60,-43,SUCCESS,2026-06-30T19:07:00
DEV0012,Proximity,19.7,75.2,11,-59,SUCCESS,2026-06-26T19:16:00
DEV0036,Level,34.6,43.7,87,-41,SUCCESS,2026-06-19T00:43:00
DEV0070,Vibration,39.5,2.6,56,-38,SUCCESS,2026-06-05T17:41:00
DEV0025,Motion,16.3,77.6,78,-88,SUCCESS,2026-07-06T07:17:00
DEV0042,Flow Rate,50.3,33.6,5,-93,SUCCESS,2026-06-06T19:32:00
DEV0002,Air Quality,9.5,81.0,5,-51,SUCCESS,2026-07-26T09:05:00
DEV0019,Humidity,10.6,96.2,14,-82,SUCCESS,2026-06-17T20:43:00
DEV0062,Vibration,3.6,61.3,80,-74,SUCCESS,2026-07-16T03:09:00
DEV0065,Flow Rate,4.9,57.9,62,-82,FAILED,2026-06-09T06:11:00
DEV0060,Pressure,34.0,46.6,15,-59,FAILED,2026-06-06T02:54:00
DEV0039,Temperature,36.6,41.9,57,-100,SUCCESS,2026-06-05T16:40:00
DEV0002,Air Quality,51.1,70.4,11,-47,RUNNING,2026-07-24T20:39:00
DEV0049,Flow Rate,53.9,66.5,21,-72,CANCELLED,2026-06-18T20:55:00
DEV0052,Motion,20.9,19.3,54,-45,SUCCESS,2026-06-23T02:10:00
DEV0061,Proximity,35.9,12.3,10,-90,FAILED,2026-06-19T10:46:00
DEV0031,Air Quality,59.4,92.8,84,-36,FAILED,2026-06-11T02:15:00
DEV0041,Light,29.8,1.0,58,-100,SUCCESS,2026-06-11T04:44:00
DEV0030,Light,23.6,54.6,91,-54,SUCCESS,2026-06-14T22:58:00
DEV0003,Air Quality,11.8,93.2,100,-39,FAILED,2026-07-11T00:54:00
DEV0067,Light,-0.5,18.2,75,-35,SUCCESS,2026-06-04T04:14:00
DEV0046,Motion,45.0,95.0,95,-62,SUCCESS,2026-07-22T17:58:00
DEV0035,Humidity,-6.1,18.3,99,-57,SUCCESS,2026-06-17T02:23:00
DEV0030,Light,-1.8,45.1,33,-94,FAILED,2026-07-19T09:32:00
DEV0005,Proximity,28.4,68.5,28,-77,SUCCESS,2026-06-27T18:00:00
DEV0031,Air Quality,21.9,37.4,48,-97,SUCCESS,2026-07-11T00:08:00
DEV0075,Air Quality,-2.7,76.7,47,-59,SUCCESS,2026-06-07T00:35:00
DEV0065,Flow Rate,11.1,4.8,79,-42,SUCCESS,2026-07-03T23:15:00
DEV0021,Humidity,39.2,55.0,50,-87,SUCCESS,2026-07-26T02:20:00
DEV0056,Humidity,33.5,91.1,44,-77,FAILED,2026-07-21T14:57:00
DEV0032,Level,44.5,86.9,52,-75,SUCCESS,2026-06-25T07:45:00
DEV0043,Motion,0.0,7.9,35,-79,SUCCESS,2026-06-14T11:26:00
DEV0039,Temperature,11.5,51.9,30,-34,FAILED,2026-07-01T15:46:00
DEV0006,Proximity,2.2,75.3,8,-53,FAILED,2026-06-16T08:33:00
DEV0012,Proximity,-9.3,39.0,87,-75,FAILED,2026-06-19T02:14:00
DEV0012,Proximity,51.5,42.4,49,-64,CANCELLED,2026-06-01T08:31:00
DEV0002,Air Quality,11.8,27.4,19,-54,SUCCESS,2026-07-22T13:41:00
DEV0060,Pressure,4.1,5.0,32,-47,SUCCESS,2026-06-05T05:48:00
DEV0065,Flow Rate,37.4,19.9,61,-99,RUNNING,2026-07-19T19:10:00
DEV0057,Humidity,44.6,29.3,50,-53,RUNNING,2026-07-13T23:46:00
DEV0031,Air Quality,-8.2,67.5,14,-35,SUCCESS,2026-06-28T12:09:00
DEV0038,Humidity,-1.3,20.3,98,-76,SUCCESS,2026-06-20T21:22:00
DEV0062,Vibration,6.5,81.2,45,-68,SUCCESS,2026-06-01T01:23:00
DEV0057,Humidity,21.8,56.3,30,-56,SUCCESS,2026-07-02T19:39:00
DEV0076,Pressure,-6.3,61.6,58,-97,SUCCESS,2026-07-08T13:07:00
DEV0076,Pressure,16.3,80.4,86,-83,SUCCESS,2026-07-12T10:03:00
DEV0040,Level,15.1,86.7,78,-76,SUCCESS,2026-06-20T02:23:00
DEV0063,Proximity,23.5,86.9,28,-56,FAILED,2026-06-08T11:02:00
DEV0032,Level,7.8,9.0,33,-46,RUNNING,2026-06-08T21:50:00
DEV0059,Level,28.6,57.1,65,-58,CANCELLED,2026-07-21T19:57:00
DEV0005,Proximity,33.0,71.4,10,-55,RUNNING,2026-06-27T10:30:00
DEV0003,Air Quality,57.7,6.6,29,-32,SUCCESS,2026-06-16T03:44:00
DEV0068,Pressure,-2.9,31.1,12,-98,CANCELLED,2026-07-12T13:16:00
DEV0080,Air Quality,20.0,12.8,84,-34,FAILED,2026-06-08T16:50:00
DEV0046,Motion,4.5,70.0,50,-61,SUCCESS,2026-07-08T16:02:00
DEV0003,Air Quality,46.7,43.9,23,-99,SUCCESS,2026-06-17T00:27:00
DEV0078,Pressure,-2.2,50.1,10,-33,CANCELLED,2026-06-06T14:21:00
DEV0045,Temperature,1.1,81.6,95,-78,SUCCESS,2026-07-19T14:35:00
DEV0003,Air Quality,0.1,1.4,37,-36,SUCCESS,2026-07-23T01:33:00
DEV0036,Level,-5.5,48.8,39,-37,FAILED,2026-06-04T02:59:00
DEV0050,Motion,14.6,61.7,14,-92,CANCELLED,2026-06-28T10:34:00
DEV0015,Level,13.3,87.5,96,-31,SUCCESS,2026-07-09T18:07:00
DEV0036,Level,12.2,67.4,100,-96,SUCCESS,2026-07-22T16:42:00
DEV0030,Light,47.5,66.2,97,-47,SUCCESS,2026-07-09T10:55:00
DEV0061,Proximity,16.9,41.5,63,-37,SUCCESS,2026-06-24T22:00:00
DEV0005,Proximity,3.6,57.8,100,-56,RUNNING,2026-06-19T16:59:00
DEV0058,Humidity,58.2,79.2,20,-77,FAILED,2026-07-22T16:54:00
DEV0054,Proximity,0.3,4.7,78,-35,FAILED,2026-07-08T05:37:00
DEV0030,Light,34.2,71.7,5,-40,FAILED,2026-07-19T01:16:00
DEV0029,Temperature,9.2,27.9,55,-97,QUEUED,2026-07-12T02:38:00
DEV0043,Motion,43.6,68.1,94,-37,SUCCESS,2026-06-03T02:50:00
DEV0056,Humidity,-3.8,96.5,65,-38,RUNNING,2026-07-10T07:02:00
DEV0055,Humidity,1.2,92.5,60,-61,SUCCESS,2026-07-21T13:44:00
DEV0032,Level,22.6,65.5,56,-48,FAILED,2026-07-27T14:04:00
DEV0036,Level,-2.3,55.6,90,-39,SUCCESS,2026-07-09T19:11:00
DEV0043,Motion,27.6,23.9,45,-42,SUCCESS,2026-06-15T03:06:00
DEV0058,Humidity,46.2,45.6,31,-80,SUCCESS,2026-07-04T03:06:00
DEV0017,Flow Rate,42.8,34.4,56,-37,SUCCESS,2026-06-11T13:24:00
DEV0055,Humidity,30.6,5.1,28,-46,SUCCESS,2026-06-01T03:37:00
DEV0064,Level,26.8,29.6,16,-39,RUNNING,2026-07-13T23:53:00
DEV0069,Vibration,8.3,89.1,5,-36,SUCCESS,2026-07-07T00:25:00
DEV0052,Motion,-3.3,5.6,25,-75,SUCCESS,2026-06-21T02:06:00
DEV0023,Flow Rate,26.7,98.0,33,-58,CANCELLED,2026-07-07T14:57:00
DEV0067,Light,35.8,40.9,54,-66,SUCCESS,2026-06-08T07:47:00
DEV0033,Level,-3.9,72.3,19,-65,SUCCESS,2026-07-20T07:41:00
DEV0068,Pressure,57.3,86.2,23,-88,SUCCESS,2026-06-21T17:22:00
DEV0061,Proximity,1.9,34.2,67,-73,RUNNING,2026-06-23T09:33:00
DEV0025,Motion,1.1,27.6,84,-96,SUCCESS,2026-07-23T03:20:00
DEV0016,Humidity,25.5,28.7,58,-89,SUCCESS,2026-06-04T13:49:00
DEV0030,Light,0.8,27.2,18,-44,SUCCESS,2026-07-04T21:19:00
DEV0046,Motion,-6.8,84.5,43,-38,SUCCESS,2026-07-12T23:31:00
DEV0078,Pressure,59.9,70.0,84,-74,SUCCESS,2026-06-29T04:34:00
DEV0003,Air Quality,4.6,22.3,54,-82,RUNNING,2026-06-21T22:39:00
DEV0029,Temperature,23.7,65.6,39,-80,FAILED,2026-07-12T12:39:00
DEV0074,Motion,-3.5,5.0,71,-66,SUCCESS,2026-06-19T16:33:00
DEV0015,Level,50.5,93.8,78,-97,SUCCESS,2026-06-21T05:56:00
DEV0067,Light,23.8,43.4,13,-38,SUCCESS,2026-07-09T07:46:00
DEV0008,Temperature,-5.6,88.1,7,-47,SUCCESS,2026-07-16T14:48:00
DEV0033,Level,22.6,20.8,66,-89,SUCCESS,2026-06-03T06:49:00
DEV0028,Light,1.4,9.2,72,-68,SUCCESS,2026-07-09T01:25:00
DEV0028,Light,55.8,90.4,75,-70,RUNNING,2026-06-02T18:42:00
DEV0077,Vibration,17.0,32.6,68,-36,SUCCESS,2026-07-19T23:58:00
DEV0008,Temperature,16.1,48.3,17,-74,SUCCESS,2026-07-26T13:44:00
DEV0047,Flow Rate,31.2,20.8,35,-58,FAILED,2026-07-15T22:21:00
DEV0031,Air Quality,12.7,94.4,11,-77,SUCCESS,2026-07-20T15:15:00
DEV0030,Light,0.5,17.5,28,-30,SUCCESS,2026-07-13T18:31:00
DEV0002,Air Quality,37.5,85.8,93,-63,SUCCESS,2026-07-16T14:31:00
DEV0039,Temperature,55.5,17.9,21,-76,SUCCESS,2026-07-23T09:25:00
DEV0001,Temperature,49.2,44.4,37,-68,SUCCESS,2026-06-28T12:38:00
DEV0026,Humidity,48.2,28.3,9,-40,SUCCESS,2026-06-07T12:30:00
DEV0024,Level,43.3,23.0,87,-48,SUCCESS,2026-06-23T03:37:00
DEV0027,Temperature,30.7,82.3,35,-93,SUCCESS,2026-06-04T22:06:00
DEV0080,Air Quality,41.5,28.1,13,-77,SUCCESS,2026-06-11T11:42:00
DEV0070,Vibration,22.4,62.1,79,-89,SUCCESS,2026-07-02T09:34:00
DEV0071,Motion,19.9,92.2,54,-44,SUCCESS,2026-06-02T20:00:00
DEV0059,Level,18.5,58.3,14,-38,SUCCESS,2026-07-23T04:29:00
DEV0001,Temperature,40.5,39.5,99,-56,SUCCESS,2026-07-16T07:27:00
DEV0025,Motion,49.0,68.4,80,-47,SUCCESS,2026-07-06T00:02:00
DEV0030,Light,59.3,3.6,97,-33,RUNNING,2026-06-15T11:57:00
DEV0073,Proximity,58.3,40.3,78,-55,SUCCESS,2026-06-07T10:14:00
DEV0013,Motion,40.2,35.2,93,-75,SUCCESS,2026-07-13T17:36:00
DEV0038,Humidity,44.3,89.2,87,-98,SUCCESS,2026-06-13T03:01:00
DEV0080,Air Quality,20.1,33.4,73,-94,SUCCESS,2026-06-04T09:08:00
DEV0010,Pressure,44.3,40.2,45,-49,RUNNING,2026-06-22T05:57:00
DEV0071,Motion,45.9,63.4,12,-40,SUCCESS,2026-06-14T23:00:00
DEV0021,Humidity,52.3,25.0,56,-42,SUCCESS,2026-06-28T14:03:00
DEV0074,Motion,27.3,96.9,15,-81,SUCCESS,2026-06-25T10:29:00
DEV0049,Flow Rate,22.4,26.4,74,-67,RUNNING,2026-07-05T12:05:00
DEV0038,Humidity,-0.7,7.2,45,-65,SUCCESS,2026-06-22T11:28:00
DEV0021,Humidity,-1.2,0.3,34,-61,SUCCESS,2026-07-20T02:12:00
DEV0023,Flow Rate,52.5,95.3,79,-55,SUCCESS,2026-06-12T18:59:00
DEV0013,Motion,34.0,75.2,75,-53,SUCCESS,2026-07-15T11:16:00
DEV0007,Air Quality,-5.1,3.2,53,-48,SUCCESS,2026-07-15T06:17:00
DEV0061,Proximity,14.5,97.2,12,-45,SUCCESS,2026-06-02T07:17:00
DEV0064,Level,12.7,26.0,85,-38,SUCCESS,2026-06-05T00:54:00
DEV0060,Pressure,50.5,23.8,27,-58,FAILED,2026-06-08T04:56:00
DEV0019,Humidity,7.7,30.3,94,-84,RUNNING,2026-07-05T20:26:00
DEV0068,Pressure,42.9,58.9,8,-91,SUCCESS,2026-06-20T06:16:00
DEV0002,Air Quality,29.7,71.4,86,-49,SUCCESS,2026-07-03T01:46:00
DEV0042,Flow Rate,-8.7,27.8,95,-78,FAILED,2026-06-07T13:11:00
DEV0024,Level,32.2,72.0,89,-30,SUCCESS,2026-06-30T18:01:00
DEV0005,Proximity,22.0,0.1,38,-42,CANCELLED,2026-06-18T22:10:00
DEV0003,Air Quality,7.9,31.6,63,-36,SUCCESS,2026-06-11T08:17:00
DEV0053,Level,30.0,0.4,9,-57,FAILED,2026-06-03T07:04:00
DEV0033,Level,59.3,82.6,56,-58,SUCCESS,2026-07-08T00:31:00
DEV0001,Temperature,60.0,71.6,22,-50,SUCCESS,2026-07-08T15:44:00
DEV0030,Light,0.9,31.7,46,-60,SUCCESS,2026-07-11T21:58:00
DEV0061,Proximity,14.9,79.7,41,-76,SUCCESS,2026-06-05T13:47:00
DEV0059,Level,7.9,14.8,59,-34,RUNNING,2026-07-03T07:31:00
DEV0071,Motion,5.4,43.9,26,-40,CANCELLED,2026-06-16T04:57:00
DEV0072,Pressure,54.3,54.7,43,-81,SUCCESS,2026-07-04T02:47:00
DEV0031,Air Quality,4.6,34.8,31,-84,FAILED,2026-07-21T04:51:00
DEV0072,Pressure,50.6,5.8,41,-46,SUCCESS,2026-07-02T01:52:00
DEV0057,Humidity,-0.6,15.7,77,-61,SUCCESS,2026-06-27T02:47:00
DEV0055,Humidity,44.9,17.3,67,-35,SUCCESS,2026-06-25T17:51:00
DEV0061,Proximity,-2.2,78.1,63,-93,SUCCESS,2026-06-29T16:59:00
DEV0067,Light,52.6,41.0,9,-100,RUNNING,2026-07-03T21:29:00
DEV0069,Vibration,43.4,57.1,26,-53,SUCCESS,2026-06-10T10:15:00
DEV0016,Humidity,17.3,83.1,83,-87,SUCCESS,2026-06-30T09:52:00
DEV0052,Motion,8.1,57.1,43,-87,FAILED,2026-06-15T12:44:00
DEV0054,Proximity,-8.6,9.3,57,-37,SUCCESS,2026-06-17T06:53:00
DEV0038,Humidity,32.8,48.8,56,-68,RUNNING,2026-06-15T12:38:00
DEV0008,Temperature,44.8,85.0,22,-93,CANCELLED,2026-07-19T06:32:00
DEV0024,Level,-8.3,38.2,63,-47,SUCCESS,2026-06-26T01:44:00
DEV0006,Proximity,51.3,47.8,19,-31,SUCCESS,2026-06-20T11:33:00
DEV0050,Motion,25.5,58.6,45,-44,SUCCESS,2026-06-15T11:45:00
DEV0006,Proximity,-1.3,8.3,6,-52,SUCCESS,2026-06-06T17:08:00
DEV0012,Proximity,53.6,73.4,55,-86,RUNNING,2026-06-30T12:15:00
DEV0057,Humidity,19.8,53.0,16,-99,RUNNING,2026-07-06T16:34:00
DEV0060,Pressure,19.4,93.5,34,-50,SUCCESS,2026-06-15T18:30:00
DEV0059,Level,12.1,37.3,15,-74,SUCCESS,2026-07-19T19:46:00
DEV0057,Humidity,48.6,70.9,33,-91,SUCCESS,2026-07-06T04:46:00
DEV0032,Level,36.9,47.8,51,-58,RUNNING,2026-06-07T10:05:00
DEV0063,Proximity,7.6,91.5,55,-30,SUCCESS,2026-06-07T08:16:00
DEV0036,Level,49.4,34.2,98,-78,SUCCESS,2026-06-02T15:25:00
DEV0043,Motion,27.8,8.7,31,-62,SUCCESS,2026-07-25T05:39:00
DEV0016,Humidity,31.9,46.8,39,-32,SUCCESS,2026-06-19T04:52:00
DEV0046,Motion,31.2,55.1,51,-48,FAILED,2026-07-25T12:30:00
DEV0016,Humidity,-3.7,28.3,74,-54,FAILED,2026-06-16T11:45:00
DEV0052,Motion,14.2,93.9,79,-60,FAILED,2026-06-17T06:02:00
DEV0032,Level,24.4,58.1,15,-64,SUCCESS,2026-06-09T20:16:00
DEV0008,Temperature,38.9,78.4,74,-50,FAILED,2026-06-07T21:17:00
DEV0001,Temperature,11.3,51.6,97,-30,SUCCESS,2026-06-16T20:12:00
DEV0038,Humidity,5.2,10.2,71,-96,SUCCESS,2026-07-07T23:25:00
DEV0071,Motion,6.2,13.3,100,-51,SUCCESS,2026-06-25T04:34:00
DEV0036,Level,29.5,61.2,69,-48,RUNNING,2026-06-10T23:42:00
DEV0064,Level,39.0,28.5,84,-55,SUCCESS,2026-06-13T15:47:00
DEV0001,Temperature,46.3,91.9,69,-56,SUCCESS,2026-06-12T08:34:00
DEV0065,Flow Rate,10.7,95.4,55,-67,SUCCESS,2026-07-01T07:02:00
DEV0024,Level,-3.8,64.5,85,-43,SUCCESS,2026-07-21T22:11:00
DEV0002,Air Quality,33.3,78.3,85,-94,RUNNING,2026-06-24T06:45:00
DEV0057,Humidity,2.6,12.2,44,-47,FAILED,2026-06-10T01:46:00
DEV0043,Motion,37.1,50.5,92,-91,SUCCESS,2026-06-23T12:01:00
DEV0080,Air Quality,3.4,73.1,51,-32,QUEUED,2026-06-07T06:31:00
DEV0028,Light,37.7,1.5,54,-90,SUCCESS,2026-06-07T07:13:00
DEV0079,Air Quality,11.1,3.5,47,-70,SUCCESS,2026-06-03T17:17:00
DEV0034,Light,48.7,89.0,38,-75,CANCELLED,2026-07-14T01:25:00
DEV0043,Motion,53.9,95.3,86,-31,SUCCESS,2026-06-21T22:04:00
DEV0027,Temperature,1.2,82.6,63,-37,SUCCESS,2026-07-06T08:13:00
DEV0023,Flow Rate,3.0,23.8,58,-40,SUCCESS,2026-06-08T05:37:00
DEV0034,Light,-1.0,50.9,99,-83,SUCCESS,2026-07-02T16:34:00
DEV0066,Light,58.0,46.4,47,-100,RUNNING,2026-06-27T16:19:00
DEV0006,Proximity,27.8,87.1,22,-68,SUCCESS,2026-06-18T18:21:00
DEV0064,Level,56.6,45.5,48,-59,FAILED,2026-06-07T03:18:00
DEV0008,Temperature,10.2,3.4,29,-78,SUCCESS,2026-07-27T20:45:00
DEV0020,Proximity,39.0,23.4,52,-89,QUEUED,2026-07-08T17:49:00
DEV0033,Level,10.9,90.0,38,-91,SUCCESS,2026-07-12T18:02:00
DEV0039,Temperature,18.3,88.0,87,-99,RUNNING,2026-07-24T22:03:00
DEV0066,Light,0.9,56.5,49,-59,SUCCESS,2026-07-18T09:59:00
DEV0078,Pressure,50.6,10.9,70,-72,SUCCESS,2026-07-10T03:59:00
DEV0019,Humidity,56.0,33.9,29,-54,SUCCESS,2026-07-02T20:22:00
DEV0055,Humidity,38.2,62.8,21,-30,SUCCESS,2026-06-20T16:00:00
DEV0008,Temperature,47.9,34.8,24,-62,SUCCESS,2026-07-06T05:27:00
DEV0067,Light,18.2,34.1,85,-88,SUCCESS,2026-06-26T03:44:00
DEV0041,Light,-8.1,30.6,36,-96,FAILED,2026-07-10T09:29:00
DEV0049,Flow Rate,-5.2,71.5,30,-66,SUCCESS,2026-07-27T19:13:00
DEV0021,Humidity,-0.2,81.8,35,-71,SUCCESS,2026-06-17T01:11:00
DEV0032,Level,12.0,81.3,42,-49,CANCELLED,2026-07-11T11:14:00
DEV0059,Level,56.4,61.1,14,-58,RUNNING,2026-06-15T13:09:00
DEV0058,Humidity,17.8,85.9,39,-32,SUCCESS,2026-07-08T06:01:00
DEV0041,Light,39.4,25.9,83,-33,SUCCESS,2026-07-14T17:31:00
DEV0058,Humidity,40.2,1.8,23,-84,CANCELLED,2026-07-08T02:40:00
DEV0023,Flow Rate,40.9,62.2,48,-66,SUCCESS,2026-06-18T23:09:00
DEV0032,Level,29.7,8.5,95,-64,RUNNING,2026-07-13T02:36:00
DEV0046,Motion,47.2,90.0,78,-71,SUCCESS,2026-06-02T14:08:00
DEV0046,Motion,22.7,84.1,13,-94,SUCCESS,2026-07-01T21:31:00
DEV0066,Light,39.9,32.5,74,-98,FAILED,2026-06-27T07:15:00
